id,name,class
AJ_Cook_0001,AJ_Cook,0
AJ_Lamas_0001,AJ_Lamas,1
Aaron_Eckhart_0001,Aaron_Eckhart,2
Aaron_Guiel_0001,Aaron_Guiel,3
Aaron_Patterson_0001,Aaron_Patterson,4
Aaron_Peirsol_0001,Aaron_Peirsol,5
Aaron_Peirsol_0002,Aaron_Peirsol,5
Aaron_Peirsol_0003,Aaron_Peirsol,5
Aaron_Peirsol_0004,Aaron_Peirsol,5
Aaron_Pena_0001,Aaron_Pena,6
Aaron_Sorkin_0001,Aaron_Sorkin,7
Aaron_Sorkin_0002,Aaron_Sorkin,7
Aaron_Tippin_0001,Aaron_Tippin,8
Abba_Eban_0001,Abba_Eban,9
Abbas_Kiarostami_0001,Abbas_Kiarostami,10
Abdel_Aziz_Al-Hakim_0001,Abdel_Aziz_Al-Hakim,11
Abdel_Madi_Shabneh_0001,Abdel_Madi_Shabneh,12
Abdel_Nasser_Assidi_0001,Abdel_Nasser_Assidi,13
Abdel_Nasser_Assidi_0002,Abdel_Nasser_Assidi,13
Abdoulaye_Wade_0001,Abdoulaye_Wade,14
Abdoulaye_Wade_0002,Abdoulaye_Wade,14
Abdoulaye_Wade_0003,Abdoulaye_Wade,14
Abdoulaye_Wade_0004,Abdoulaye_Wade,14
Abdul_Majeed_Shobokshi_0001,Abdul_Majeed_Shobokshi,15
Abdul_Rahman_0001,Abdul_Rahman,16
Abdulaziz_Kamilov_0001,Abdulaziz_Kamilov,17
Abdullah_0001,Abdullah,18
Abdullah_0002,Abdullah,18
Abdullah_0003,Abdullah,18
Abdullah_0004,Abdullah,18
Abdullah_Ahmad_Badawi_0001,Abdullah_Ahmad_Badawi,19
Abdullah_Gul_0001,Abdullah_Gul,20
Abdullah_Gul_0002,Abdullah_Gul,20
Abdullah_Gul_0003,Abdullah_Gul,20
Abdullah_Gul_0004,Abdullah_Gul,20
Abdullah_Gul_0005,Abdullah_Gul,20
Abdullah_Gul_0006,Abdullah_Gul,20
Abdullah_Gul_0007,Abdullah_Gul,20
Abdullah_Gul_0008,Abdullah_Gul,20
Abdullah_Gul_0009,Abdullah_Gul,20
Abdullah_Gul_0010,Abdullah_Gul,20
Abdullah_Gul_0011,Abdullah_Gul,20
Abdullah_Gul_0012,Abdullah_Gul,20
Abdullah_Gul_0013,Abdullah_Gul,20
Abdullah_Gul_0014,Abdullah_Gul,20
Abdullah_Gul_0015,Abdullah_Gul,20
Abdullah_Gul_0016,Abdullah_Gul,20
Abdullah_Gul_0017,Abdullah_Gul,20
Abdullah_Gul_0018,Abdullah_Gul,20
Abdullah_Gul_0019,Abdullah_Gul,20
Abdullah_Nasseef_0001,Abdullah_Nasseef,21
Abdullah_al-Attiyah_0001,Abdullah_al-Attiyah,22
Abdullah_al-Attiyah_0002,Abdullah_al-Attiyah,22
Abdullah_al-Attiyah_0003,Abdullah_al-Attiyah,22
Abdullatif_Sener_0001,Abdullatif_Sener,23
Abdullatif_Sener_0002,Abdullatif_Sener,23
Abel_Aguilar_0001,Abel_Aguilar,24
Abel_Pacheco_0001,Abel_Pacheco,25
Abel_Pacheco_0002,Abel_Pacheco,25
Abel_Pacheco_0003,Abel_Pacheco,25
Abel_Pacheco_0004,Abel_Pacheco,25
Abid_Hamid_Mahmud_Al-Tikriti_0001,Abid_Hamid_Mahmud_Al-Tikriti,26
Abid_Hamid_Mahmud_Al-Tikriti_0002,Abid_Hamid_Mahmud_Al-Tikriti,26
Abid_Hamid_Mahmud_Al-Tikriti_0003,Abid_Hamid_Mahmud_Al-Tikriti,26
Abner_Martinez_0001,Abner_Martinez,27
Abraham_Foxman_0001,Abraham_Foxman,28
Aby_Har-Even_0001,Aby_Har-Even,29
Adam_Ant_0001,Adam_Ant,30
Adam_Freier_0001,Adam_Freier,31
Adam_Herbert_0001,Adam_Herbert,32
Adam_Kennedy_0001,Adam_Kennedy,33
Adam_Mair_0001,Adam_Mair,34
Adam_Rich_0001,Adam_Rich,35
Adam_Sandler_0001,Adam_Sandler,36
Adam_Sandler_0002,Adam_Sandler,36
Adam_Sandler_0003,Adam_Sandler,36
Adam_Sandler_0004,Adam_Sandler,36
Adam_Scott_0001,Adam_Scott,37
Adam_Scott_0002,Adam_Scott,37
Adel_Al-Jubeir_0001,Adel_Al-Jubeir,38
Adel_Al-Jubeir_0002,Adel_Al-Jubeir,38
Adel_Al-Jubeir_0003,Adel_Al-Jubeir,38
Adelina_Avila_0001,Adelina_Avila,39
Adisai_Bodharamik_0001,Adisai_Bodharamik,40
Adolfo_Aguilar_Zinser_0001,Adolfo_Aguilar_Zinser,41
Adolfo_Aguilar_Zinser_0002,Adolfo_Aguilar_Zinser,41
Adolfo_Aguilar_Zinser_0003,Adolfo_Aguilar_Zinser,41
Adolfo_Rodriguez_Saa_0001,Adolfo_Rodriguez_Saa,42
Adolfo_Rodriguez_Saa_0002,Adolfo_Rodriguez_Saa,42
Adoor_Gopalakarishnan_0001,Adoor_Gopalakarishnan,43
Adrian_Annus_0001,Adrian_Annus,44
Adrian_Fernandez_0001,Adrian_Fernandez,45
Adrian_McPherson_0001,Adrian_McPherson,46
Adrian_McPherson_0002,Adrian_McPherson,46
Adrian_Murrell_0001,Adrian_Murrell,47
Adrian_Nastase_0001,Adrian_Nastase,48
Adrian_Nastase_0002,Adrian_Nastase,48
Adriana_Lima_0001,Adriana_Lima,49
Adriana_Perez_Navarro_0001,Adriana_Perez_Navarro,50
Adrianna_Zuzic_0001,Adrianna_Zuzic,51
Adrien_Brody_0001,Adrien_Brody,52
Adrien_Brody_0002,Adrien_Brody,52
Adrien_Brody_0003,Adrien_Brody,52
Adrien_Brody_0004,Adrien_Brody,52
Adrien_Brody_0005,Adrien_Brody,52
Adrien_Brody_0006,Adrien_Brody,52
Adrien_Brody_0007,Adrien_Brody,52
Adrien_Brody_0008,Adrien_Brody,52
Adrien_Brody_0009,Adrien_Brody,52
Adrien_Brody_0010,Adrien_Brody,52
Adrien_Brody_0011,Adrien_Brody,52
Adrien_Brody_0012,Adrien_Brody,52
Afton_Smith_0001,Afton_Smith,53
Agbani_Darego_0001,Agbani_Darego,54
Agnelo_Queiroz_0001,Agnelo_Queiroz,55
Agnes_Bruckner_0001,Agnes_Bruckner,56
Ahmad_Jbarah_0001,Ahmad_Jbarah,57
Ahmad_Masood_0001,Ahmad_Masood,58
Ahmad_Masood_0002,Ahmad_Masood,58
Ahmed_Ahmed_0001,Ahmed_Ahmed,59
Ahmed_Chalabi_0001,Ahmed_Chalabi,60
Ahmed_Chalabi_0002,Ahmed_Chalabi,60
Ahmed_Chalabi_0003,Ahmed_Chalabi,60
Ahmed_Chalabi_0004,Ahmed_Chalabi,60
Ahmed_Chalabi_0005,Ahmed_Chalabi,60
Ahmed_Ghazi_0001,Ahmed_Ghazi,61
Ahmed_Ibrahim_Bilal_0001,Ahmed_Ibrahim_Bilal,62
Ahmed_Lopez_0001,Ahmed_Lopez,63
Ahmed_Qureia_0001,Ahmed_Qureia,64
Ahmet_Demir_0001,Ahmet_Demir,65
Ahmet_Necdet_Sezer_0001,Ahmet_Necdet_Sezer,66
Ahmet_Necdet_Sezer_0002,Ahmet_Necdet_Sezer,66
Ai_Sugiyama_0001,Ai_Sugiyama,67
Ai_Sugiyama_0002,Ai_Sugiyama,67
Ai_Sugiyama_0003,Ai_Sugiyama,67
Ai_Sugiyama_0004,Ai_Sugiyama,67
Ai_Sugiyama_0005,Ai_Sugiyama,67
Aicha_El_Ouafi_0001,Aicha_El_Ouafi,68
Aicha_El_Ouafi_0002,Aicha_El_Ouafi,68
Aicha_El_Ouafi_0003,Aicha_El_Ouafi,68
Aidan_Quinn_0001,Aidan_Quinn,69
Aileen_Riggin_Soule_0001,Aileen_Riggin_Soule,70
Ain_Seppik_0001,Ain_Seppik,71
Ainsworth_Dyer_0001,Ainsworth_Dyer,72
Aishwarya_Rai_0001,Aishwarya_Rai,73
Aitor_Gonzalez_0001,Aitor_Gonzalez,74
Aitor_Gonzalez_0002,Aitor_Gonzalez,74
Aiysha_Smith_0001,Aiysha_Smith,75
Ajit_Agarkar_0001,Ajit_Agarkar,76
Akbar_Al_Baker_0001,Akbar_Al_Baker,77
Akbar_Hashemi_Rafsanjani_0001,Akbar_Hashemi_Rafsanjani,78
Akbar_Hashemi_Rafsanjani_0002,Akbar_Hashemi_Rafsanjani,78
Akbar_Hashemi_Rafsanjani_0003,Akbar_Hashemi_Rafsanjani,78
Akhmed_Zakayev_0001,Akhmed_Zakayev,79
Akhmed_Zakayev_0002,Akhmed_Zakayev,79
Akhmed_Zakayev_0003,Akhmed_Zakayev,79
Akiko_Morigami_0001,Akiko_Morigami,80
Akmal_Taher_0001,Akmal_Taher,81
Al_Cardenas_0001,Al_Cardenas,82
Al_Davis_0001,Al_Davis,83
Al_Davis_0002,Al_Davis,83
Al_Gore_0001,Al_Gore,84
Al_Gore_0002,Al_Gore,84
Al_Gore_0003,Al_Gore,84
Al_Gore_0004,Al_Gore,84
Al_Gore_0005,Al_Gore,84
Al_Gore_0006,Al_Gore,84
Al_Gore_0007,Al_Gore,84
Al_Gore_0008,Al_Gore,84
Al_Leiter_0001,Al_Leiter,85
Al_Pacino_0001,Al_Pacino,86
Al_Pacino_0002,Al_Pacino,86
Al_Pacino_0003,Al_Pacino,86
Al_Sharpton_0001,Al_Sharpton,87
Al_Sharpton_0002,Al_Sharpton,87
Al_Sharpton_0003,Al_Sharpton,87
Al_Sharpton_0004,Al_Sharpton,87
Al_Sharpton_0005,Al_Sharpton,87
Al_Sharpton_0006,Al_Sharpton,87
Al_Sharpton_0007,Al_Sharpton,87
Alain_Cervantes_0001,Alain_Cervantes,88
Alain_Ducasse_0001,Alain_Ducasse,89
Alan_Ball_0001,Alan_Ball,90
Alan_Ball_0002,Alan_Ball,90
Alan_Dershowitz_0001,Alan_Dershowitz,91
Alan_Dreher_0001,Alan_Dreher,92
Alan_Greenspan_0001,Alan_Greenspan,93
Alan_Greenspan_0002,Alan_Greenspan,93
Alan_Greenspan_0003,Alan_Greenspan,93
Alan_Greenspan_0004,Alan_Greenspan,93
Alan_Greenspan_0005,Alan_Greenspan,93
Alan_Greer_0001,Alan_Greer,94
Alan_Jackson_0001,Alan_Jackson,95
Alan_Mulally_0001,Alan_Mulally,96
Alan_Mulally_0002,Alan_Mulally,96
Alan_Stonecipher_0001,Alan_Stonecipher,97
Alan_Tang_Kwong-wing_0001,Alan_Tang_Kwong-wing,98
Alan_Trammell_0001,Alan_Trammell,99
Alan_Zemaitis_0001,Alan_Zemaitis,100
Alanis_Morissette_0001,Alanis_Morissette,101
Alanna_Ubach_0001,Alanna_Ubach,102
Alastair_Campbell_0001,Alastair_Campbell,103
Alastair_Campbell_0002,Alastair_Campbell,103
Alastair_Campbell_0003,Alastair_Campbell,103
Alastair_Campbell_0004,Alastair_Campbell,103
Alastair_Campbell_0005,Alastair_Campbell,103
Alastair_Johnston_0001,Alastair_Johnston,104
Albaro_Recoba_0001,Albaro_Recoba,105
Albert_Brooks_0001,Albert_Brooks,106
Albert_Costa_0001,Albert_Costa,107
Albert_Costa_0002,Albert_Costa,107
Albert_Costa_0003,Albert_Costa,107
Albert_Costa_0004,Albert_Costa,107
Albert_Costa_0005,Albert_Costa,107
Albert_Costa_0006,Albert_Costa,107
Albert_Montanes_0001,Albert_Montanes,108
Albert_Pujols_0001,Albert_Pujols,109
Alberta_Lee_0001,Alberta_Lee,110
Alberto_Acosta_0001,Alberto_Acosta,111
Alberto_Fujimori_0001,Alberto_Fujimori,112
Alberto_Fujimori_0002,Alberto_Fujimori,112
Alberto_Gonzales_0001,Alberto_Gonzales,113
Alberto_Ruiz_Gallardon_0001,Alberto_Ruiz_Gallardon,114
Alberto_Ruiz_Gallardon_0002,Alberto_Ruiz_Gallardon,114
Alberto_Sordi_0001,Alberto_Sordi,115
Albrecht_Mentz_0001,Albrecht_Mentz,116
Albrecht_Mentz_0002,Albrecht_Mentz,116
Aldo_Paredes_0001,Aldo_Paredes,117
Aldo_Paredes_0002,Aldo_Paredes,117
Alec_Baldwin_0001,Alec_Baldwin,118
Alec_Baldwin_0002,Alec_Baldwin,118
Alec_Baldwin_0003,Alec_Baldwin,118
Alec_Baldwin_0004,Alec_Baldwin,118
Alecos_Markides_0001,Alecos_Markides,119
Alejandro_Atchugarry_0001,Alejandro_Atchugarry,120
Alejandro_Atchugarry_0002,Alejandro_Atchugarry,120
Alejandro_Avila_0001,Alejandro_Avila,121
Alejandro_Avila_0002,Alejandro_Avila,121
Alejandro_Fernandez_0001,Alejandro_Fernandez,122
Alejandro_Gonzalez_Inarritu_0001,Alejandro_Gonzalez_Inarritu,123
Alejandro_Lembo_0001,Alejandro_Lembo,124
Alejandro_Lerner_0001,Alejandro_Lerner,125
Alejandro_Lopez_0001,Alejandro_Lopez,126
Alejandro_Toledo_0001,Alejandro_Toledo,127
Alejandro_Toledo_0002,Alejandro_Toledo,127
Alejandro_Toledo_0003,Alejandro_Toledo,127
Alejandro_Toledo_0004,Alejandro_Toledo,127
Alejandro_Toledo_0005,Alejandro_Toledo,127
Alejandro_Toledo_0006,Alejandro_Toledo,127
Alejandro_Toledo_0007,Alejandro_Toledo,127
Alejandro_Toledo_0008,Alejandro_Toledo,127
Alejandro_Toledo_0009,Alejandro_Toledo,127
Alejandro_Toledo_0010,Alejandro_Toledo,127
Alejandro_Toledo_0011,Alejandro_Toledo,127
Alejandro_Toledo_0012,Alejandro_Toledo,127
Alejandro_Toledo_0013,Alejandro_Toledo,127
Alejandro_Toledo_0014,Alejandro_Toledo,127
Alejandro_Toledo_0015,Alejandro_Toledo,127
Alejandro_Toledo_0016,Alejandro_Toledo,127
Alejandro_Toledo_0017,Alejandro_Toledo,127
Alejandro_Toledo_0018,Alejandro_Toledo,127
Alejandro_Toledo_0019,Alejandro_Toledo,127
Alejandro_Toledo_0020,Alejandro_Toledo,127
Alejandro_Toledo_0021,Alejandro_Toledo,127
Alejandro_Toledo_0022,Alejandro_Toledo,127
Alejandro_Toledo_0023,Alejandro_Toledo,127
Alejandro_Toledo_0024,Alejandro_Toledo,127
Alejandro_Toledo_0025,Alejandro_Toledo,127
Alejandro_Toledo_0026,Alejandro_Toledo,127
Alejandro_Toledo_0027,Alejandro_Toledo,127
Alejandro_Toledo_0028,Alejandro_Toledo,127
Alejandro_Toledo_0029,Alejandro_Toledo,127
Alejandro_Toledo_0030,Alejandro_Toledo,127
Alejandro_Toledo_0031,Alejandro_Toledo,127
Alejandro_Toledo_0032,Alejandro_Toledo,127
Alejandro_Toledo_0033,Alejandro_Toledo,127
Alejandro_Toledo_0034,Alejandro_Toledo,127
Alejandro_Toledo_0035,Alejandro_Toledo,127
Alejandro_Toledo_0036,Alejandro_Toledo,127
Alejandro_Toledo_0037,Alejandro_Toledo,127
Alejandro_Toledo_0038,Alejandro_Toledo,127
Alejandro_Toledo_0039,Alejandro_Toledo,127
Alek_Wek_0001,Alek_Wek,128
Aleksander_Kwasniewski_0001,Aleksander_Kwasniewski,129
Aleksander_Kwasniewski_0002,Aleksander_Kwasniewski,129
Aleksander_Kwasniewski_0003,Aleksander_Kwasniewski,129
Aleksander_Kwasniewski_0004,Aleksander_Kwasniewski,129
Aleksander_Voloshin_0001,Aleksander_Voloshin,130
Alessandra_Cerna_0001,Alessandra_Cerna,131
Alessandro_Nesta_0001,Alessandro_Nesta,132
Alex_Barros_0001,Alex_Barros,133
Alex_Barros_0002,Alex_Barros,133
Alex_Cabrera_0001,Alex_Cabrera,134
Alex_Cejka_0001,Alex_Cejka,135
Alex_Corretja_0001,Alex_Corretja,136
Alex_Ferguson_0001,Alex_Ferguson,137
Alex_Gonzalez_0001,Alex_Gonzalez,138
Alex_Holmes_0001,Alex_Holmes,139
Alex_King_0001,Alex_King,140
Alex_Penelas_0002,Alex_Penelas,141
Alex_Popov_0001,Alex_Popov,142
Alex_Sink_0001,Alex_Sink,143
Alex_Sink_0002,Alex_Sink,143
Alex_Sink_0003,Alex_Sink,143
Alex_Wallau_0001,Alex_Wallau,144
Alex_Zanardi_0001,Alex_Zanardi,145
Alexa_Loren_0001,Alexa_Loren,146
Alexa_Vega_0001,Alexa_Vega,147
Alexander_Downer_0001,Alexander_Downer,148
Alexander_Downer_0002,Alexander_Downer,148
Alexander_Downer_0003,Alexander_Downer,148
Alexander_Downer_0004,Alexander_Downer,148
Alexander_Losyukov_0001,Alexander_Losyukov,149
Alexander_Losyukov_0002,Alexander_Losyukov,149
Alexander_Losyukov_0003,Alexander_Losyukov,149
Alexander_Losyukov_0004,Alexander_Losyukov,149
Alexander_Lukashenko_0001,Alexander_Lukashenko,150
Alexander_Payne_0001,Alexander_Payne,151
Alexander_Rumyantsev_0001,Alexander_Rumyantsev,152
Alexander_Rumyantsev_0002,Alexander_Rumyantsev,152
Alexandra_Jackson_0001,Alexandra_Jackson,153
Alexandra_Pelosi_0001,Alexandra_Pelosi,154
Alexandra_Rozovskaya_0001,Alexandra_Rozovskaya,155
Alexandra_Spann_0001,Alexandra_Spann,156
Alexandra_Stevenson_0001,Alexandra_Stevenson,157
Alexandra_Stevenson_0002,Alexandra_Stevenson,157
Alexandra_Stevenson_0003,Alexandra_Stevenson,157
Alexandra_Vodjanikova_0001,Alexandra_Vodjanikova,158
Alexandra_Vodjanikova_0002,Alexandra_Vodjanikova,158
Alexandre_Daigle_0001,Alexandre_Daigle,159
Alexandre_Despatie_0001,Alexandre_Despatie,160
Alexandre_Herchcovitch_0001,Alexandre_Herchcovitch,161
Alexandre_Vinokourov_0001,Alexandre_Vinokourov,162
Alexis_Bledel_0001,Alexis_Bledel,163
Alexis_Dennisoff_0001,Alexis_Dennisoff,164
Alfonso_Cuaron_0001,Alfonso_Cuaron,165
Alfonso_Portillo_0001,Alfonso_Portillo,166
Alfonso_Soriano_0001,Alfonso_Soriano,167
Alfred_Ford_0001,Alfred_Ford,168
Alfred_Sant_0001,Alfred_Sant,169
Alfredo_Moreno_0001,Alfredo_Moreno,170
Alfredo_Pena_0001,Alfredo_Pena,171
Alfredo_di_Stefano_0001,Alfredo_di_Stefano,172
Ali_Abbas_0001,Ali_Abbas,173
Ali_Abbas_0002,Ali_Abbas,173
Ali_Abdullah_Saleh_0001,Ali_Abdullah_Saleh,174
Ali_Adbul_Karim_Madani_0001,Ali_Adbul_Karim_Madani,175
Ali_Ahmeti_0001,Ali_Ahmeti,176
Ali_Bin_Hussein_0001,Ali_Bin_Hussein,177
Ali_Fallahian_0001,Ali_Fallahian,178
Ali_Hammoud_0001,Ali_Hammoud,179
Ali_Khamenei_0001,Ali_Khamenei,180
Ali_Khamenei_0002,Ali_Khamenei,180
Ali_Khamenei_0003,Ali_Khamenei,180
Ali_Mohammed_Maher_0001,Ali_Mohammed_Maher,181
Ali_Naimi_0001,Ali_Naimi,182
Ali_Naimi_0002,Ali_Naimi,182
Ali_Naimi_0004,Ali_Naimi,182
Ali_Naimi_0005,Ali_Naimi,182
Ali_Naimi_0006,Ali_Naimi,182
Ali_Naimi_0007,Ali_Naimi,182
Alice_Fisher_0001,Alice_Fisher,183
Alice_Fisher_0002,Alice_Fisher,183
Alicia_Hollowell_0001,Alicia_Hollowell,184
Alicia_Keys_0001,Alicia_Keys,185
Alicia_Molik_0001,Alicia_Molik,186
Alicia_Silverstone_0001,Alicia_Silverstone,187
Alicia_Silverstone_0002,Alicia_Silverstone,187
Alicia_Witt_0001,Alicia_Witt,188
Alimzhan_Tokhtakhounov_0001,Alimzhan_Tokhtakhounov,189
Alimzhan_Tokhtakhounov_0002,Alimzhan_Tokhtakhounov,189
Alina_Kabaeva_0001,Alina_Kabaeva,190
Aline_Chretien_0001,Aline_Chretien,191
Alisha_Richman_0001,Alisha_Richman,192
Alison_Krauss_0001,Alison_Krauss,193
Alison_Lohman_0001,Alison_Lohman,194
Alison_Lohman_0002,Alison_Lohman,194
Alistair_MacDonald_0001,Alistair_MacDonald,195
Allan_Houston_0001,Allan_Houston,196
Allan_Kemakeza_0001,Allan_Kemakeza,197
Allan_Wagner_0001,Allan_Wagner,198
Allen_Iverson_0001,Allen_Iverson,199
Allen_Iverson_0002,Allen_Iverson,199
Allen_Rock_0001,Allen_Rock,200
Allison_Janney_0001,Allison_Janney,201
Allison_Janney_0002,Allison_Janney,201
Allison_Searing_0001,Allison_Searing,202
Ally_Sheedy_0001,Ally_Sheedy,203
Allyson_Felix_0001,Allyson_Felix,204
Allyson_Felix_0002,Allyson_Felix,204
Allyson_Felix_0003,Allyson_Felix,204
Allyson_Felix_0004,Allyson_Felix,204
Allyson_Felix_0005,Allyson_Felix,204
Alma_Powell_0001,Alma_Powell,205
Almeida_Baptista_0001,Almeida_Baptista,206
Alonzo_Mourning_0001,Alonzo_Mourning,207
Alvaro_Noboa_0001,Alvaro_Noboa,208
Alvaro_Noboa_0002,Alvaro_Noboa,208
Alvaro_Noboa_0003,Alvaro_Noboa,208
Alvaro_Silva_Calderon_0001,Alvaro_Silva_Calderon,209
Alvaro_Silva_Calderon_0002,Alvaro_Silva_Calderon,209
Alvaro_Silva_Calderon_0003,Alvaro_Silva_Calderon,209
Alvaro_Silva_Calderon_0004,Alvaro_Silva_Calderon,209
Alvaro_Uribe_0001,Alvaro_Uribe,210
Alvaro_Uribe_0002,Alvaro_Uribe,210
Alvaro_Uribe_0003,Alvaro_Uribe,210
Alvaro_Uribe_0004,Alvaro_Uribe,210
Alvaro_Uribe_0005,Alvaro_Uribe,210
Alvaro_Uribe_0006,Alvaro_Uribe,210
Alvaro_Uribe_0007,Alvaro_Uribe,210
Alvaro_Uribe_0008,Alvaro_Uribe,210
Alvaro_Uribe_0009,Alvaro_Uribe,210
Alvaro_Uribe_0010,Alvaro_Uribe,210
Alvaro_Uribe_0011,Alvaro_Uribe,210
Alvaro_Uribe_0012,Alvaro_Uribe,210
Alvaro_Uribe_0013,Alvaro_Uribe,210
Alvaro_Uribe_0014,Alvaro_Uribe,210
Alvaro_Uribe_0015,Alvaro_Uribe,210
Alvaro_Uribe_0016,Alvaro_Uribe,210
Alvaro_Uribe_0017,Alvaro_Uribe,210
Alvaro_Uribe_0018,Alvaro_Uribe,210
Alvaro_Uribe_0019,Alvaro_Uribe,210
Alvaro_Uribe_0020,Alvaro_Uribe,210
Alvaro_Uribe_0021,Alvaro_Uribe,210
Alvaro_Uribe_0022,Alvaro_Uribe,210
Alvaro_Uribe_0023,Alvaro_Uribe,210
Alvaro_Uribe_0024,Alvaro_Uribe,210
Alvaro_Uribe_0025,Alvaro_Uribe,210
Alvaro_Uribe_0026,Alvaro_Uribe,210
Alvaro_Uribe_0027,Alvaro_Uribe,210
Alvaro_Uribe_0028,Alvaro_Uribe,210
Alvaro_Uribe_0029,Alvaro_Uribe,210
Alvaro_Uribe_0030,Alvaro_Uribe,210
Alvaro_Uribe_0031,Alvaro_Uribe,210
Alvaro_Uribe_0032,Alvaro_Uribe,210
Alvaro_Uribe_0033,Alvaro_Uribe,210
Alvaro_Uribe_0034,Alvaro_Uribe,210
Alvaro_Uribe_0035,Alvaro_Uribe,210
Aly_Wagner_0001,Aly_Wagner,211
Alyse_Beaupre_0001,Alyse_Beaupre,212
Alyson_Hannigan_0001,Alyson_Hannigan,213
Amanda_Beard_0001,Amanda_Beard,214
Amanda_Beard_0002,Amanda_Beard,214
Amanda_Bynes_0001,Amanda_Bynes,215
Amanda_Bynes_0003,Amanda_Bynes,215
Amanda_Bynes_0004,Amanda_Bynes,215
Amanda_Coetzer_0001,Amanda_Coetzer,216
Amanda_Coetzer_0002,Amanda_Coetzer,216
Amanda_Marsh_0001,Amanda_Marsh,217
Amanda_Plumer_0001,Amanda_Plumer,218
Amber_Frey_0001,Amber_Frey,219
Amber_Tamblyn_0001,Amber_Tamblyn,220
Amber_Tamblyn_0002,Amber_Tamblyn,220
Ambrose_Lee_0001,Ambrose_Lee,221
Amelia_Vega_0001,Amelia_Vega,222
Amelia_Vega_0002,Amelia_Vega,222
Amelia_Vega_0003,Amelia_Vega,222
Amelia_Vega_0004,Amelia_Vega,222
Amelia_Vega_0005,Amelia_Vega,222
Amelia_Vega_0006,Amelia_Vega,222
Amelia_Vega_0007,Amelia_Vega,222
Amelie_Mauresmo_0001,Amelie_Mauresmo,223
Amelie_Mauresmo_0002,Amelie_Mauresmo,223
Amelie_Mauresmo_0003,Amelie_Mauresmo,223
Amelie_Mauresmo_0004,Amelie_Mauresmo,223
Amelie_Mauresmo_0005,Amelie_Mauresmo,223
Amelie_Mauresmo_0006,Amelie_Mauresmo,223
Amelie_Mauresmo_0007,Amelie_Mauresmo,223
Amelie_Mauresmo_0008,Amelie_Mauresmo,223
Amelie_Mauresmo_0009,Amelie_Mauresmo,223
Amelie_Mauresmo_0010,Amelie_Mauresmo,223
Amelie_Mauresmo_0011,Amelie_Mauresmo,223
Amelie_Mauresmo_0012,Amelie_Mauresmo,223
Amelie_Mauresmo_0013,Amelie_Mauresmo,223
Amelie_Mauresmo_0014,Amelie_Mauresmo,223
Amelie_Mauresmo_0015,Amelie_Mauresmo,223
Amelie_Mauresmo_0016,Amelie_Mauresmo,223
Amelie_Mauresmo_0017,Amelie_Mauresmo,223
Amelie_Mauresmo_0018,Amelie_Mauresmo,223
Amelie_Mauresmo_0019,Amelie_Mauresmo,223
Amelie_Mauresmo_0020,Amelie_Mauresmo,223
Amelie_Mauresmo_0021,Amelie_Mauresmo,223
Amer_al-Saadi_0001,Amer_al-Saadi,224
Amer_al-Saadi_0002,Amer_al-Saadi,224
Amer_al-Saadi_0003,Amer_al-Saadi,224
Amer_al-Saadi_0004,Amer_al-Saadi,224
Amporn_Falise_0001,Amporn_Falise,225
Amr_Moussa_0001,Amr_Moussa,226
Amram_Mitzna_0001,Amram_Mitzna,227
Amram_Mitzna_0002,Amram_Mitzna,227
Amy_Brenneman_0001,Amy_Brenneman,228
Amy_Cotton_0001,Amy_Cotton,229
Amy_Gale_0001,Amy_Gale,230
Amy_Pascal_0001,Amy_Pascal,231
Amy_Redford_0001,Amy_Redford,232
Amy_Smart_0001,Amy_Smart,233
Amy_Yasbeck_0001,Amy_Yasbeck,234
AnFernce_Negron_0001,AnFernce_Negron,235
Ana_Claudia_Talancon_0001,Ana_Claudia_Talancon,236
Ana_Guevara_0001,Ana_Guevara,237
Ana_Guevara_0002,Ana_Guevara,237
Ana_Guevara_0003,Ana_Guevara,237
Ana_Guevara_0004,Ana_Guevara,237
Ana_Guevara_0005,Ana_Guevara,237
Ana_Guevara_0006,Ana_Guevara,237
Ana_Guevara_0007,Ana_Guevara,237
Ana_Isabel_Sanchez_0001,Ana_Isabel_Sanchez,238
Ana_Palacio_0001,Ana_Palacio,239
Ana_Palacio_0002,Ana_Palacio,239
Ana_Palacio_0003,Ana_Palacio,239
Ana_Palacio_0004,Ana_Palacio,239
Ana_Palacio_0005,Ana_Palacio,239
Ana_Palacio_0006,Ana_Palacio,239
Ana_Palacio_0007,Ana_Palacio,239
Ana_Palacio_0008,Ana_Palacio,239
Ana_Paula_Gerard_0001,Ana_Paula_Gerard,240
Ana_Sebastiao_0001,Ana_Sebastiao,241
Anastasia_Kelesidou_0001,Anastasia_Kelesidou,242
Anastasia_Myskina_0001,Anastasia_Myskina,243
Anastasia_Myskina_0002,Anastasia_Myskina,243
Anastasia_Myskina_0003,Anastasia_Myskina,243
Anatoliy_Kinakh_0001,Anatoliy_Kinakh,244
Anders_Ebbeson_0001,Anders_Ebbeson,245
Anders_Ebbeson_0002,Anders_Ebbeson,245
Anders_Ebbeson_0003,Anders_Ebbeson,245
Anders_Fogh_Rasmussen_0001,Anders_Fogh_Rasmussen,246
Anders_Fogh_Rasmussen_0002,Anders_Fogh_Rasmussen,246
Anders_Fogh_Rasmussen_0003,Anders_Fogh_Rasmussen,246
Anders_Fogh_Rasmussen_0004,Anders_Fogh_Rasmussen,246
Anderson_Varejao_0001,Anderson_Varejao,247
Andre_Agassi_0001,Andre_Agassi,248
Andre_Agassi_0002,Andre_Agassi,248
Andre_Agassi_0003,Andre_Agassi,248
Andre_Agassi_0004,Andre_Agassi,248
Andre_Agassi_0005,Andre_Agassi,248
Andre_Agassi_0006,Andre_Agassi,248
Andre_Agassi_0007,Andre_Agassi,248
Andre_Agassi_0008,Andre_Agassi,248
Andre_Agassi_0009,Andre_Agassi,248
Andre_Agassi_0010,Andre_Agassi,248
Andre_Agassi_0011,Andre_Agassi,248
Andre_Agassi_0012,Andre_Agassi,248
Andre_Agassi_0013,Andre_Agassi,248
Andre_Agassi_0014,Andre_Agassi,248
Andre_Agassi_0015,Andre_Agassi,248
Andre_Agassi_0016,Andre_Agassi,248
Andre_Agassi_0017,Andre_Agassi,248
Andre_Agassi_0018,Andre_Agassi,248
Andre_Agassi_0019,Andre_Agassi,248
Andre_Agassi_0020,Andre_Agassi,248
Andre_Agassi_0021,Andre_Agassi,248
Andre_Agassi_0022,Andre_Agassi,248
Andre_Agassi_0023,Andre_Agassi,248
Andre_Agassi_0024,Andre_Agassi,248
Andre_Agassi_0025,Andre_Agassi,248
Andre_Agassi_0026,Andre_Agassi,248
Andre_Agassi_0027,Andre_Agassi,248
Andre_Agassi_0028,Andre_Agassi,248
Andre_Agassi_0029,Andre_Agassi,248
Andre_Agassi_0030,Andre_Agassi,248
Andre_Agassi_0031,Andre_Agassi,248
Andre_Agassi_0032,Andre_Agassi,248
Andre_Agassi_0033,Andre_Agassi,248
Andre_Agassi_0034,Andre_Agassi,248
Andre_Agassi_0035,Andre_Agassi,248
Andre_Agassi_0036,Andre_Agassi,248
Andre_Bucher_0001,Andre_Bucher,249
Andre_Lange_0001,Andre_Lange,250
Andre_Smith_0001,Andre_Smith,251
Andre_Techine_0001,Andre_Techine,252
Andrea_Bocelli_0001,Andrea_Bocelli,253
Andrea_De_Cruz_0001,Andrea_De_Cruz,254
Andrea_Kiser_0001,Andrea_Kiser,255
Andrea_Yates_0001,Andrea_Yates,256
Andreas_Vinciguerra_0001,Andreas_Vinciguerra,257
Andrei_Konchalovsky_0001,Andrei_Konchalovsky,258
Andrei_Mikhnevich_0001,Andrei_Mikhnevich,259
Andrei_Mikhnevich_0002,Andrei_Mikhnevich,259
Andrei_Nikolishin_0001,Andrei_Nikolishin,260
Andres_DAlessandro_0001,Andres_DAlessandro,261
Andres_Manuel_Lopez_Obrador_0001,Andres_Manuel_Lopez_Obrador,262
Andres_Pastrana_0001,Andres_Pastrana,263
Andrew_Bernard_0001,Andrew_Bernard,264
Andrew_Bunner_0001,Andrew_Bunner,265
Andrew_Bunner_0002,Andrew_Bunner,265
Andrew_Caldecott_0001,Andrew_Caldecott,266
Andrew_Cuomo_0001,Andrew_Cuomo,267
Andrew_Cuomo_0002,Andrew_Cuomo,267
Andrew_Fastow_0001,Andrew_Fastow,268
Andrew_Firestone_0001,Andrew_Firestone,269
Andrew_Gilligan_0001,Andrew_Gilligan,270
Andrew_Jarecki_0001,Andrew_Jarecki,271
Andrew_Luster_0001,Andrew_Luster,272
Andrew_Niccol_0001,Andrew_Niccol,273
Andrew_Niccol_0002,Andrew_Niccol,273
Andrew_Sabey_0001,Andrew_Sabey,274
Andrew_Shutley_0001,Andrew_Shutley,275
Andrew_Weissmann_0001,Andrew_Weissmann,276
Andrew_Weissmann_0002,Andrew_Weissmann,276
Andrew_Weissmann_0003,Andrew_Weissmann,276
Andrew_Wetzler_0001,Andrew_Wetzler,277
Andrzej_Tyszkiewicz_0001,Andrzej_Tyszkiewicz,278
Andy_Benes_0001,Andy_Benes,279
Andy_Bryant_0001,Andy_Bryant,280
Andy_Dick_0001,Andy_Dick,281
Andy_Garcia_0001,Andy_Garcia,282
Andy_Graves_0001,Andy_Graves,283
Andy_Griffith_0001,Andy_Griffith,284
Andy_Griggs_0001,Andy_Griggs,285
Andy_Hebb_0001,Andy_Hebb,286
Andy_Hebb_0002,Andy_Hebb,286
Andy_Lau_0001,Andy_Lau,287
Andy_Madikians_0001,Andy_Madikians,288
Andy_North_0001,Andy_North,289
Andy_Perez_0001,Andy_Perez,290
Andy_Roddick_0001,Andy_Roddick,291
Andy_Roddick_0002,Andy_Roddick,291
Andy_Roddick_0003,Andy_Roddick,291
Andy_Roddick_0004,Andy_Roddick,291
Andy_Roddick_0005,Andy_Roddick,291
Andy_Roddick_0006,Andy_Roddick,291
Andy_Roddick_0007,Andy_Roddick,291
Andy_Roddick_0008,Andy_Roddick,291
Andy_Roddick_0009,Andy_Roddick,291
Andy_Roddick_0010,Andy_Roddick,291
Andy_Roddick_0011,Andy_Roddick,291
Andy_Roddick_0012,Andy_Roddick,291
Andy_Roddick_0013,Andy_Roddick,291
Andy_Roddick_0014,Andy_Roddick,291
Andy_Roddick_0015,Andy_Roddick,291
Andy_Rooney_0001,Andy_Rooney,292
Andy_Warhol_0001,Andy_Warhol,293
Andy_Wisecarver_0001,Andy_Wisecarver,294
Anette_Hosoi_0001,Anette_Hosoi,295
Angel_Lockward_0001,Angel_Lockward,296
Angel_Maza_0001,Angel_Maza,297
Angela_Alvarado_Rosa_0001,Angela_Alvarado_Rosa,298
Angela_Bassett_0001,Angela_Bassett,299
Angela_Bassett_0002,Angela_Bassett,299
Angela_Bassett_0003,Angela_Bassett,299
Angela_Bassett_0004,Angela_Bassett,299
Angela_Bassett_0005,Angela_Bassett,299
Angela_Bassett_0006,Angela_Bassett,299
Angela_Lansbury_0001,Angela_Lansbury,300
Angela_Lansbury_0002,Angela_Lansbury,300
Angela_Mascia-Frye_0001,Angela_Mascia-Frye,301
Angela_Merkel_0001,Angela_Merkel,302
Angela_Merkel_0002,Angela_Merkel,302
Angela_Merkel_0003,Angela_Merkel,302
Angela_Merkel_0004,Angela_Merkel,302
Angela_Merkel_0005,Angela_Merkel,302
Angelica_Romero_0001,Angelica_Romero,303
Angelina_Jolie_0001,Angelina_Jolie,304
Angelina_Jolie_0002,Angelina_Jolie,304
Angelina_Jolie_0003,Angelina_Jolie,304
Angelina_Jolie_0004,Angelina_Jolie,304
Angelina_Jolie_0005,Angelina_Jolie,304
Angelina_Jolie_0006,Angelina_Jolie,304
Angelina_Jolie_0007,Angelina_Jolie,304
Angelina_Jolie_0008,Angelina_Jolie,304
Angelina_Jolie_0009,Angelina_Jolie,304
Angelina_Jolie_0010,Angelina_Jolie,304
Angelina_Jolie_0011,Angelina_Jolie,304
Angelina_Jolie_0012,Angelina_Jolie,304
Angelina_Jolie_0013,Angelina_Jolie,304
Angelina_Jolie_0014,Angelina_Jolie,304
Angelina_Jolie_0015,Angelina_Jolie,304
Angelina_Jolie_0016,Angelina_Jolie,304
Angelina_Jolie_0017,Angelina_Jolie,304
Angelina_Jolie_0018,Angelina_Jolie,304
Angelina_Jolie_0019,Angelina_Jolie,304
Angelina_Jolie_0020,Angelina_Jolie,304
Angelo_Genova_0001,Angelo_Genova,305
Angelo_Reyes_0001,Angelo_Reyes,306
Angelo_Reyes_0002,Angelo_Reyes,306
Angelo_Reyes_0003,Angelo_Reyes,306
Angelo_Reyes_0004,Angelo_Reyes,306
Angie_Arzola_0001,Angie_Arzola,307
Anibal_Ibarra_0001,Anibal_Ibarra,308
Anibal_Ibarra_0002,Anibal_Ibarra,308
Anibal_Ibarra_0003,Anibal_Ibarra,308
Anil_Ramsook_0001,Anil_Ramsook,309
Anita_DeFrantz_0001,Anita_DeFrantz,310
Anja_Paerson_0001,Anja_Paerson,311
Anjum_Hussain_0001,Anjum_Hussain,312
Ann_Godbehere_0001,Ann_Godbehere,313
Ann_Landers_0001,Ann_Landers,314
Ann_Morgan_0001,Ann_Morgan,315
Ann_Veneman_0001,Ann_Veneman,316
Ann_Veneman_0002,Ann_Veneman,316
Ann_Veneman_0003,Ann_Veneman,316
Ann_Veneman_0004,Ann_Veneman,316
Ann_Veneman_0005,Ann_Veneman,316
Ann_Veneman_0006,Ann_Veneman,316
Ann_Veneman_0007,Ann_Veneman,316
Ann_Veneman_0008,Ann_Veneman,316
Ann_Veneman_0009,Ann_Veneman,316
Ann_Veneman_0010,Ann_Veneman,316
Ann_Veneman_0011,Ann_Veneman,316
Anna_Chicherova_0001,Anna_Chicherova,317
Anna_Faris_0001,Anna_Faris,318
Anna_Jones_0001,Anna_Jones,319
Anna_Kournikova_0001,Anna_Kournikova,320
Anna_Kournikova_0002,Anna_Kournikova,320
Anna_Kournikova_0003,Anna_Kournikova,320
Anna_Kournikova_0004,Anna_Kournikova,320
Anna_Kournikova_0005,Anna_Kournikova,320
Anna_Kournikova_0006,Anna_Kournikova,320
Anna_Kournikova_0007,Anna_Kournikova,320
Anna_Kournikova_0008,Anna_Kournikova,320
Anna_Kournikova_0009,Anna_Kournikova,320
Anna_Kournikova_0010,Anna_Kournikova,320
Anna_Kournikova_0011,Anna_Kournikova,320
Anna_Kournikova_0012,Anna_Kournikova,320
Anna_Nicole_Smith_0001,Anna_Nicole_Smith,321
Anna_Nicole_Smith_0002,Anna_Nicole_Smith,321
Anne_Cavers_0001,Anne_Cavers,322
Anne_Donovan_0001,Anne_Donovan,323
Anne_Heche_0001,Anne_Heche,324
Anne_Krueger_0001,Anne_Krueger,325
Anne_Krueger_0002,Anne_Krueger,325
Anne_Krueger_0003,Anne_Krueger,325
Anne_McLellan_0001,Anne_McLellan,326
Anne_McLellan_0002,Anne_McLellan,326
Anne_McLellan_0003,Anne_McLellan,326
Anne_ONeil_0001,Anne_ONeil,327
Anneli_Jaatteenmaki_0001,Anneli_Jaatteenmaki,328
Anneli_Jaatteenmaki_0002,Anneli_Jaatteenmaki,328
Annette_Bening_0001,Annette_Bening,329
Annette_Bening_0002,Annette_Bening,329
Annette_Lu_0001,Annette_Lu,330
Annette_Lu_0002,Annette_Lu,330
Annette_Lu_0003,Annette_Lu,330
Annie-Jeanne_Reynaud_0001,Annie-Jeanne_Reynaud,331
Annie_Chaplin_0001,Annie_Chaplin,332
Annie_Machon_0001,Annie_Machon,333
Annika_Sorenstam_0001,Annika_Sorenstam,334
Antanas_Valionis_0001,Antanas_Valionis,335
Anthony_Carter_0001,Anthony_Carter,336
Anthony_Corso_0001,Anthony_Corso,337
Anthony_Ervin_0001,Anthony_Ervin,338
Anthony_Fauci_0001,Anthony_Fauci,339
Anthony_Fauci_0002,Anthony_Fauci,339
Anthony_Garotinho_0001,Anthony_Garotinho,340
Anthony_Hazen_0001,Anthony_Hazen,341
Anthony_Hopkins_0001,Anthony_Hopkins,342
Anthony_Hopkins_0002,Anthony_Hopkins,342
Anthony_LaPaglia_0001,Anthony_LaPaglia,343
Anthony_LaPaglia_0002,Anthony_LaPaglia,343
Anthony_Lee_Johnson_0001,Anthony_Lee_Johnson,344
Anthony_Mazur_0001,Anthony_Mazur,345
Anthony_Pico_0001,Anthony_Pico,346
Anthony_Pisciotti_0001,Anthony_Pisciotti,347
Anthony_Principi_0001,Anthony_Principi,348
Anthony_Rackauckas_0001,Anthony_Rackauckas,349
Anthony_Scott_Miller_0001,Anthony_Scott_Miller,350
Antje_Buschschulte_0001,Antje_Buschschulte,351
Anton_Balasingham_0001,Anton_Balasingham,352
Antonio_Banderas_0001,Antonio_Banderas,353
Antonio_Banderas_0002,Antonio_Banderas,353
Antonio_Banderas_0003,Antonio_Banderas,353
Antonio_Banderas_0004,Antonio_Banderas,353
Antonio_Banderas_0005,Antonio_Banderas,353
Antonio_Bernardo_0001,Antonio_Bernardo,354
Antonio_Cassano_0001,Antonio_Cassano,355
Antonio_Catania_0001,Antonio_Catania,356
Antonio_Elias_Saca_0001,Antonio_Elias_Saca,357
Antonio_Palocci_0001,Antonio_Palocci,358
Antonio_Palocci_0002,Antonio_Palocci,358
Antonio_Palocci_0003,Antonio_Palocci,358
Antonio_Palocci_0004,Antonio_Palocci,358
Antonio_Palocci_0005,Antonio_Palocci,358
Antonio_Palocci_0006,Antonio_Palocci,358
Antonio_Palocci_0007,Antonio_Palocci,358
Antonio_Palocci_0008,Antonio_Palocci,358
Antonio_Trillanes_0001,Antonio_Trillanes,359
Antonio_Trillanes_0002,Antonio_Trillanes,359
Antonio_Trillanes_0003,Antonio_Trillanes,359
Antony_Leung_0001,Antony_Leung,360
Antony_Leung_0002,Antony_Leung,360
Antony_Leung_0003,Antony_Leung,360
Antony_Leung_0004,Antony_Leung,360
Antwun_Echols_0001,Antwun_Echols,361
Anwar_Ibrahim_0001,Anwar_Ibrahim,362
Anwar_Ibrahim_0002,Anwar_Ibrahim,362
Anzori_Kikalishvili_0001,Anzori_Kikalishvili,363
Aparna_Pillai_0001,Aparna_Pillai,364
Aram_Adler_0001,Aram_Adler,365
Arantxa_Sanchez-Vicario_0001,Arantxa_Sanchez-Vicario,366
Arantxa_Sanchez-Vicario_0002,Arantxa_Sanchez-Vicario,366
Aretha_Franklin_0001,Aretha_Franklin,367
Ari_Bousbib_0001,Ari_Bousbib,368
Ari_Fleischer_0001,Ari_Fleischer,369
Ari_Fleischer_0002,Ari_Fleischer,369
Ari_Fleischer_0003,Ari_Fleischer,369
Ari_Fleischer_0004,Ari_Fleischer,369
Ari_Fleischer_0005,Ari_Fleischer,369
Ari_Fleischer_0006,Ari_Fleischer,369
Ari_Fleischer_0007,Ari_Fleischer,369
Ari_Fleischer_0008,Ari_Fleischer,369
Ari_Fleischer_0009,Ari_Fleischer,369
Ari_Fleischer_0010,Ari_Fleischer,369
Ari_Fleischer_0011,Ari_Fleischer,369
Ari_Fleischer_0012,Ari_Fleischer,369
Ari_Fleischer_0013,Ari_Fleischer,369
Arianna_Huffington_0001,Arianna_Huffington,370
Arianna_Huffington_0002,Arianna_Huffington,370
Arianna_Huffington_0003,Arianna_Huffington,370
Arianna_Huffington_0004,Arianna_Huffington,370
Arie_Haan_0001,Arie_Haan,371
Ariel_Sharon_0001,Ariel_Sharon,372
Ariel_Sharon_0002,Ariel_Sharon,372
Ariel_Sharon_0003,Ariel_Sharon,372
Ariel_Sharon_0004,Ariel_Sharon,372
Ariel_Sharon_0005,Ariel_Sharon,372
Ariel_Sharon_0006,Ariel_Sharon,372
Ariel_Sharon_0007,Ariel_Sharon,372
Ariel_Sharon_0008,Ariel_Sharon,372
Ariel_Sharon_0009,Ariel_Sharon,372
Ariel_Sharon_0010,Ariel_Sharon,372
Ariel_Sharon_0011,Ariel_Sharon,372
Ariel_Sharon_0012,Ariel_Sharon,372
Ariel_Sharon_0013,Ariel_Sharon,372
Ariel_Sharon_0014,Ariel_Sharon,372
Ariel_Sharon_0015,Ariel_Sharon,372
Ariel_Sharon_0016,Ariel_Sharon,372
Ariel_Sharon_0017,Ariel_Sharon,372
Ariel_Sharon_0018,Ariel_Sharon,372
Ariel_Sharon_0019,Ariel_Sharon,372
Ariel_Sharon_0020,Ariel_Sharon,372
Ariel_Sharon_0021,Ariel_Sharon,372
Ariel_Sharon_0022,Ariel_Sharon,372
Ariel_Sharon_0023,Ariel_Sharon,372
Ariel_Sharon_0024,Ariel_Sharon,372
Ariel_Sharon_0025,Ariel_Sharon,372
Ariel_Sharon_0026,Ariel_Sharon,372
Ariel_Sharon_0027,Ariel_Sharon,372
Ariel_Sharon_0028,Ariel_Sharon,372
Ariel_Sharon_0029,Ariel_Sharon,372
Ariel_Sharon_0030,Ariel_Sharon,372
Ariel_Sharon_0031,Ariel_Sharon,372
Ariel_Sharon_0032,Ariel_Sharon,372
Ariel_Sharon_0033,Ariel_Sharon,372
Ariel_Sharon_0034,Ariel_Sharon,372
Ariel_Sharon_0035,Ariel_Sharon,372
Ariel_Sharon_0036,Ariel_Sharon,372
Ariel_Sharon_0037,Ariel_Sharon,372
Ariel_Sharon_0038,Ariel_Sharon,372
Ariel_Sharon_0039,Ariel_Sharon,372
Ariel_Sharon_0040,Ariel_Sharon,372
Ariel_Sharon_0041,Ariel_Sharon,372
Ariel_Sharon_0042,Ariel_Sharon,372
Ariel_Sharon_0043,Ariel_Sharon,372
Ariel_Sharon_0044,Ariel_Sharon,372
Ariel_Sharon_0045,Ariel_Sharon,372
Ariel_Sharon_0046,Ariel_Sharon,372
Ariel_Sharon_0048,Ariel_Sharon,372
Ariel_Sharon_0049,Ariel_Sharon,372
Ariel_Sharon_0050,Ariel_Sharon,372
Ariel_Sharon_0051,Ariel_Sharon,372
Ariel_Sharon_0052,Ariel_Sharon,372
Ariel_Sharon_0053,Ariel_Sharon,372
Ariel_Sharon_0054,Ariel_Sharon,372
Ariel_Sharon_0055,Ariel_Sharon,372
Ariel_Sharon_0057,Ariel_Sharon,372
Ariel_Sharon_0058,Ariel_Sharon,372
Ariel_Sharon_0059,Ariel_Sharon,372
Ariel_Sharon_0060,Ariel_Sharon,372
Ariel_Sharon_0061,Ariel_Sharon,372
Ariel_Sharon_0062,Ariel_Sharon,372
Ariel_Sharon_0063,Ariel_Sharon,372
Ariel_Sharon_0065,Ariel_Sharon,372
Ariel_Sharon_0066,Ariel_Sharon,372
Ariel_Sharon_0067,Ariel_Sharon,372
Ariel_Sharon_0068,Ariel_Sharon,372
Ariel_Sharon_0069,Ariel_Sharon,372
Ariel_Sharon_0070,Ariel_Sharon,372
Ariel_Sharon_0071,Ariel_Sharon,372
Ariel_Sharon_0072,Ariel_Sharon,372
Ariel_Sharon_0073,Ariel_Sharon,372
Ariel_Sharon_0074,Ariel_Sharon,372
Ariel_Sharon_0075,Ariel_Sharon,372
Ariel_Sharon_0076,Ariel_Sharon,372
Ariel_Sharon_0077,Ariel_Sharon,372
Arif_Mardin_0001,Arif_Mardin,373
Arlen_Specter_0001,Arlen_Specter,374
Arlen_Specter_0002,Arlen_Specter,374
Arlen_Specter_0003,Arlen_Specter,374
Armand_Sargen_0001,Armand_Sargen,375
Armando_Avila_Panchame_0001,Armando_Avila_Panchame,376
Armando_Calderon_Sol_0001,Armando_Calderon_Sol,377
Armando_Carrillo_0001,Armando_Carrillo,378
Arminio_Fraga_0001,Arminio_Fraga,379
Arminio_Fraga_0002,Arminio_Fraga,379
Arminio_Fraga_0003,Arminio_Fraga,379
Arminio_Fraga_0004,Arminio_Fraga,379
Arminio_Fraga_0005,Arminio_Fraga,379
Arminio_Fraga_0006,Arminio_Fraga,379
Arnaud_Clement_0001,Arnaud_Clement,380
Arnaud_Clement_0002,Arnaud_Clement,380
Arnaud_Lagardere_0001,Arnaud_Lagardere,381
Arnie_Boehm_0001,Arnie_Boehm,382
Arnold_Palmer_0001,Arnold_Palmer,383
Arnold_Palmer_0002,Arnold_Palmer,383
Arnold_Palmer_0003,Arnold_Palmer,383
Arnold_Schwarzenegger_0001,Arnold_Schwarzenegger,384
Arnold_Schwarzenegger_0002,Arnold_Schwarzenegger,384
Arnold_Schwarzenegger_0003,Arnold_Schwarzenegger,384
Arnold_Schwarzenegger_0004,Arnold_Schwarzenegger,384
Arnold_Schwarzenegger_0005,Arnold_Schwarzenegger,384
Arnold_Schwarzenegger_0006,Arnold_Schwarzenegger,384
Arnold_Schwarzenegger_0007,Arnold_Schwarzenegger,384
Arnold_Schwarzenegger_0008,Arnold_Schwarzenegger,384
Arnold_Schwarzenegger_0009,Arnold_Schwarzenegger,384
Arnold_Schwarzenegger_0010,Arnold_Schwarzenegger,384
Arnold_Schwarzenegger_0011,Arnold_Schwarzenegger,384
Arnold_Schwarzenegger_0012,Arnold_Schwarzenegger,384
Arnold_Schwarzenegger_0013,Arnold_Schwarzenegger,384
Arnold_Schwarzenegger_0014,Arnold_Schwarzenegger,384
Arnold_Schwarzenegger_0015,Arnold_Schwarzenegger,384
Arnold_Schwarzenegger_0016,Arnold_Schwarzenegger,384
Arnold_Schwarzenegger_0017,Arnold_Schwarzenegger,384
Arnold_Schwarzenegger_0018,Arnold_Schwarzenegger,384
Arnold_Schwarzenegger_0019,Arnold_Schwarzenegger,384
Arnold_Schwarzenegger_0020,Arnold_Schwarzenegger,384
Arnold_Schwarzenegger_0021,Arnold_Schwarzenegger,384
Arnold_Schwarzenegger_0022,Arnold_Schwarzenegger,384
Arnold_Schwarzenegger_0023,Arnold_Schwarzenegger,384
Arnold_Schwarzenegger_0024,Arnold_Schwarzenegger,384
Arnold_Schwarzenegger_0025,Arnold_Schwarzenegger,384
Arnold_Schwarzenegger_0026,Arnold_Schwarzenegger,384
Arnold_Schwarzenegger_0027,Arnold_Schwarzenegger,384
Arnold_Schwarzenegger_0028,Arnold_Schwarzenegger,384
Arnold_Schwarzenegger_0029,Arnold_Schwarzenegger,384
Arnold_Schwarzenegger_0030,Arnold_Schwarzenegger,384
Arnold_Schwarzenegger_0031,Arnold_Schwarzenegger,384
Arnold_Schwarzenegger_0032,Arnold_Schwarzenegger,384
Arnold_Schwarzenegger_0033,Arnold_Schwarzenegger,384
Arnold_Schwarzenegger_0034,Arnold_Schwarzenegger,384
Arnold_Schwarzenegger_0035,Arnold_Schwarzenegger,384
Arnold_Schwarzenegger_0036,Arnold_Schwarzenegger,384
Arnold_Schwarzenegger_0037,Arnold_Schwarzenegger,384
Arnold_Schwarzenegger_0038,Arnold_Schwarzenegger,384
Arnold_Schwarzenegger_0039,Arnold_Schwarzenegger,384
Arnold_Schwarzenegger_0040,Arnold_Schwarzenegger,384
Arnold_Schwarzenegger_0041,Arnold_Schwarzenegger,384
Arnold_Schwarzenegger_0042,Arnold_Schwarzenegger,384
Arnold_Scott_0001,Arnold_Scott,385
Arnoldo_Aleman_0001,Arnoldo_Aleman,386
Arnoldo_Aleman_0002,Arnoldo_Aleman,386
Arnoldo_Aleman_0003,Arnoldo_Aleman,386
Arnoldo_Aleman_0004,Arnoldo_Aleman,386
Arnoldo_Aleman_0005,Arnoldo_Aleman,386
Aron_Ralston_0001,Aron_Ralston,387
Aron_Ralston_0002,Aron_Ralston,387
Arsinee_Khanjian_0001,Arsinee_Khanjian,388
Arsinee_Khanjian_0002,Arsinee_Khanjian,388
Art_Cooper_0001,Art_Cooper,389
Art_Hoffmann_0001,Art_Hoffmann,390
Art_Hoffmann_0002,Art_Hoffmann,390
Art_Howe_0001,Art_Howe,391
Art_Howe_0002,Art_Howe,391
Art_Howe_0003,Art_Howe,391
Art_Howe_0004,Art_Howe,391
Art_Lopez_0001,Art_Lopez,392
Arthur_Johnson_0001,Arthur_Johnson,393
Arthur_Martinez_0001,Arthur_Martinez,394
Artieas_Shanks_0001,Artieas_Shanks,395
Arturo_Gatti_0001,Arturo_Gatti,396
Arturo_Gatti_0002,Arturo_Gatti,396
Arturo_Gatti_0003,Arturo_Gatti,396
Arye_Mekel_0001,Arye_Mekel,397
Arye_Mekel_0002,Arye_Mekel,397
Asa_Hutchinson_0001,Asa_Hutchinson,398
Asa_Hutchinson_0002,Asa_Hutchinson,398
Ascencion_Barajas_0001,Ascencion_Barajas,399
Ashanti_0001,Ashanti,400
Ashanti_0002,Ashanti,400
Ashanti_0003,Ashanti,400
Ashanti_0004,Ashanti,400
Ashanti_0005,Ashanti,400
Ashlea_Talbot_0001,Ashlea_Talbot,401
Ashley_Judd_0001,Ashley_Judd,402
Ashley_Olsen_0001,Ashley_Olsen,403
Ashley_Postell_0001,Ashley_Postell,404
Ashraf_Alasmar_0001,Ashraf_Alasmar,405
Ashraf_Ghani_0001,Ashraf_Ghani,406
Ashton_Kutcher_0001,Ashton_Kutcher,407
Ashton_Kutcher_0002,Ashton_Kutcher,407
Ashton_Kutcher_0003,Ashton_Kutcher,407
Asif_Hanif_0001,Asif_Hanif,408
Askar_Akayev_0001,Askar_Akayev,409
Asmaa_Assad_0001,Asmaa_Assad,410
Assad_Ahmadi_0001,Assad_Ahmadi,411
Astou_Ndiaye-Diatta_0001,Astou_Ndiaye-Diatta,412
Astrid_Betancourt_0001,Astrid_Betancourt,413
Astrid_Eyzaguirre_0001,Astrid_Eyzaguirre,414
Atal_Bihari_Vajpayee_0001,Atal_Bihari_Vajpayee,415
Atal_Bihari_Vajpayee_0002,Atal_Bihari_Vajpayee,415
Atal_Bihari_Vajpayee_0003,Atal_Bihari_Vajpayee,415
Atal_Bihari_Vajpayee_0004,Atal_Bihari_Vajpayee,415
Atal_Bihari_Vajpayee_0005,Atal_Bihari_Vajpayee,415
Atal_Bihari_Vajpayee_0006,Atal_Bihari_Vajpayee,415
Atal_Bihari_Vajpayee_0007,Atal_Bihari_Vajpayee,415
Atal_Bihari_Vajpayee_0008,Atal_Bihari_Vajpayee,415
Atal_Bihari_Vajpayee_0009,Atal_Bihari_Vajpayee,415
Atal_Bihari_Vajpayee_0010,Atal_Bihari_Vajpayee,415
Atal_Bihari_Vajpayee_0011,Atal_Bihari_Vajpayee,415
Atal_Bihari_Vajpayee_0012,Atal_Bihari_Vajpayee,415
Atal_Bihari_Vajpayee_0013,Atal_Bihari_Vajpayee,415
Atal_Bihari_Vajpayee_0014,Atal_Bihari_Vajpayee,415
Atal_Bihari_Vajpayee_0015,Atal_Bihari_Vajpayee,415
Atal_Bihari_Vajpayee_0016,Atal_Bihari_Vajpayee,415
Atal_Bihari_Vajpayee_0017,Atal_Bihari_Vajpayee,415
Atal_Bihari_Vajpayee_0018,Atal_Bihari_Vajpayee,415
Atal_Bihari_Vajpayee_0019,Atal_Bihari_Vajpayee,415
Atal_Bihari_Vajpayee_0020,Atal_Bihari_Vajpayee,415
Atal_Bihari_Vajpayee_0021,Atal_Bihari_Vajpayee,415
Atal_Bihari_Vajpayee_0022,Atal_Bihari_Vajpayee,415
Atal_Bihari_Vajpayee_0023,Atal_Bihari_Vajpayee,415
Atal_Bihari_Vajpayee_0024,Atal_Bihari_Vajpayee,415
Ataollah_Mohajerani_0001,Ataollah_Mohajerani,416
Atiabet_Ijan_Amabel_0001,Atiabet_Ijan_Amabel,417
Atsushi_Sato_0001,Atsushi_Sato,418
Audrey_Lacroix_0001,Audrey_Lacroix,419
Audrey_Sauret_0001,Audrey_Sauret,420
Augustin_Calleri_0001,Augustin_Calleri,421
Augustin_Calleri_0002,Augustin_Calleri,421
Augustin_Calleri_0003,Augustin_Calleri,421
Augustin_Calleri_0004,Augustin_Calleri,421
Augusto_Pinochet_0001,Augusto_Pinochet,422
Augusto_Pinochet_0002,Augusto_Pinochet,422
Augusto_Roa_Bastos_0001,Augusto_Roa_Bastos,423
Augusto_Roa_Bastos_0002,Augusto_Roa_Bastos,423
Aung_San_Suu_Kyi_0001,Aung_San_Suu_Kyi,424
Aung_San_Suu_Kyi_0002,Aung_San_Suu_Kyi,424
Austin_Kearns_0001,Austin_Kearns,425
Avril_Lavigne_0001,Avril_Lavigne,426
Azmi_Bishara_0001,Azmi_Bishara,427
Azra_Akin_0001,Azra_Akin,428
Azra_Akin_0002,Azra_Akin,428
Azra_Akin_0003,Azra_Akin,428
Azra_Akin_0004,Azra_Akin,428
Ekaterina_Dmitriev_0001,Ekaterina_Dmitriev,429
Ekke_Hard_Forberg_0001,Ekke_Hard_Forberg,430
El_Hadji_Diouf_0001,El_Hadji_Diouf,431
Eladio_Larez_0001,Eladio_Larez,432
Elaine_Chao_0001,Elaine_Chao,433
Elaine_Stritch_0001,Elaine_Stritch,434
Elena_Bereznaya_0001,Elena_Bereznaya,435
Elena_Bovina_0001,Elena_Bovina,436
Elena_Bovina_0002,Elena_Bovina,436
Elena_Bovina_0003,Elena_Bovina,436
Elena_Dementieva_0001,Elena_Dementieva,437
Elena_Likhovtseva_0001,Elena_Likhovtseva,438
Elena_Tihomirova_0001,Elena_Tihomirova,439
Elena_de_Chavez_0001,Elena_de_Chavez,440
Elgin_Baylor_0001,Elgin_Baylor,441
Eli_Broad_0001,Eli_Broad,442
Eli_Rosenbaum_0001,Eli_Rosenbaum,443
Eli_Stutsman_0001,Eli_Stutsman,444
Eliane_Karp_0001,Eliane_Karp,445
Eliane_Karp_0002,Eliane_Karp,445
Eliane_Karp_0003,Eliane_Karp,445
Eliane_Karp_0004,Eliane_Karp,445
Elias_Attallah_0001,Elias_Attallah,446
Elijah_Wood_0001,Elijah_Wood,447
Elijah_Wood_0002,Elijah_Wood,447
Elijah_Wood_0003,Elijah_Wood,447
Elijan_Ingram_0001,Elijan_Ingram,448
Elin_Nordegren_0001,Elin_Nordegren,449
Elin_Nordegren_0002,Elin_Nordegren,449
Elinor_Caplan_0001,Elinor_Caplan,450
Elinor_Caplan_0002,Elinor_Caplan,450
Eliott_Spitzer_0001,Eliott_Spitzer,451
Elisabeth_Schumacher_0001,Elisabeth_Schumacher,452
Elisabeth_Schumacher_0002,Elisabeth_Schumacher,452
Elisabeth_Welch_0001,Elisabeth_Welch,453
Elisha_Cuthbert_0001,Elisha_Cuthbert,454
Eliza_Dushku_0001,Eliza_Dushku,455
Eliza_Manningham-Buller_0001,Eliza_Manningham-Buller,456
Elizabeth_Berkeley_0001,Elizabeth_Berkeley,457
Elizabeth_Dole_0001,Elizabeth_Dole,458
Elizabeth_Dole_0002,Elizabeth_Dole,458
Elizabeth_Dole_0003,Elizabeth_Dole,458
Elizabeth_Dole_0004,Elizabeth_Dole,458
Elizabeth_Hill_0001,Elizabeth_Hill,459
Elizabeth_Hurley_0001,Elizabeth_Hurley,460
Elizabeth_Hurley_0002,Elizabeth_Hurley,460
Elizabeth_Hurley_0003,Elizabeth_Hurley,460
Elizabeth_Hurley_0004,Elizabeth_Hurley,460
Elizabeth_Hurley_0005,Elizabeth_Hurley,460
Elizabeth_Pena_0001,Elizabeth_Pena,461
Elizabeth_Regan_0001,Elizabeth_Regan,462
Elizabeth_Shue_0001,Elizabeth_Shue,463
Elizabeth_Shue_0002,Elizabeth_Shue,463
Elizabeth_Smart_0001,Elizabeth_Smart,464
Elizabeth_Smart_0002,Elizabeth_Smart,464
Elizabeth_Smart_0003,Elizabeth_Smart,464
Elizabeth_Smart_0004,Elizabeth_Smart,464
Elizabeth_Smart_0005,Elizabeth_Smart,464
Elizabeth_Taylor_0001,Elizabeth_Taylor,465
Elizabeth_Taylor_0002,Elizabeth_Taylor,465
Ellen_Barkin_0001,Ellen_Barkin,466
Ellen_DeGeneres_0001,Ellen_DeGeneres,467
Ellen_DeGeneres_0002,Ellen_DeGeneres,467
Ellen_Engleman_0001,Ellen_Engleman,468
Ellen_Engleman_0002,Ellen_Engleman,468
Ellen_MacArthur_0001,Ellen_MacArthur,469
Ellen_Martin_0001,Ellen_Martin,470
Ellen_Pompeo_0001,Ellen_Pompeo,471
Ellen_Saracini_0001,Ellen_Saracini,472
Elliott_Mincberg_0001,Elliott_Mincberg,473
Elmar_Brok_0001,Elmar_Brok,474
Elodie_Bouchez_0001,Elodie_Bouchez,475
Eloy_Gutierrez_0001,Eloy_Gutierrez,476
Elsa_Zylberstein_0001,Elsa_Zylberstein,477
Elsa_Zylberstein_0002,Elsa_Zylberstein,477
Elsa_Zylberstein_0003,Elsa_Zylberstein,477
Elsa_Zylberstein_0004,Elsa_Zylberstein,477
Elsa_Zylberstein_0005,Elsa_Zylberstein,477
Elsa_Zylberstein_0006,Elsa_Zylberstein,477
Elton_John_0001,Elton_John,478
Elton_John_0002,Elton_John,478
Elton_John_0003,Elton_John,478
Elton_John_0004,Elton_John,478
Elton_John_0005,Elton_John,478
Elton_John_0006,Elton_John,478
Elton_John_0007,Elton_John,478
Elva_Hsiao_0001,Elva_Hsiao,479
Elvis_Costello_0001,Elvis_Costello,480
Elvis_Presley_0001,Elvis_Presley,481
Elvis_Presley_0002,Elvis_Presley,481
Elvis_Stojko_0001,Elvis_Stojko,482
Emanuel_Ginobili_0001,Emanuel_Ginobili,483
Emanuel_Ginobili_0002,Emanuel_Ginobili,483
Emanuel_Ginobili_0003,Emanuel_Ginobili,483
Emanuel_Ginobili_0004,Emanuel_Ginobili,483
Emanuel_Ginobili_0005,Emanuel_Ginobili,483
Emelie_Loit_0001,Emelie_Loit,484
Emile_Lahoud_0001,Emile_Lahoud,485
Emile_Lahoud_0002,Emile_Lahoud,485
Emilio_Azcarraga_Jean_0001,Emilio_Azcarraga_Jean,486
Emilio_Botin_0001,Emilio_Botin,487
Emily_Mason_0001,Emily_Mason,488
Emily_Mortimer_0001,Emily_Mortimer,489
Emily_Robison_0001,Emily_Robison,490
Emily_Robison_0002,Emily_Robison,490
Emily_Stevens_0001,Emily_Stevens,491
Eminem_0001,Eminem,492
Emma_Nicholson_0001,Emma_Nicholson,493
Emma_Thompson_0001,Emma_Thompson,494
Emma_Thompson_0002,Emma_Thompson,494
Emma_Thompson_0003,Emma_Thompson,494
Emma_Watson_0001,Emma_Watson,495
Emma_Watson_0002,Emma_Watson,495
Emma_Watson_0003,Emma_Watson,495
Emma_Watson_0004,Emma_Watson,495
Emma_Watson_0005,Emma_Watson,495
Emmanuel_Filiberto_0001,Emmanuel_Filiberto,496
Emmanuel_Milingo_0001,Emmanuel_Milingo,497
Emmanuelle_Beart_0001,Emmanuelle_Beart,498
Emmanuelle_Beart_0002,Emmanuelle_Beart,498
Emmanuelle_Beart_0003,Emmanuelle_Beart,498
Emmanuelle_Jagodsinski_0001,Emmanuelle_Jagodsinski,499
Emmit_Smith_0001,Emmit_Smith,500
Emmit_Smith_0002,Emmit_Smith,500
Emmy_Rossum_0001,Emmy_Rossum,501
Emyr_Jones_Parry_0001,Emyr_Jones_Parry,502
Enola_Rice_0001,Enola_Rice,503
Enos_Slaughter_0001,Enos_Slaughter,504
Enrica_Fico_0001,Enrica_Fico,505
Enrik_Vendt_0001,Enrik_Vendt,506
Enrique_Bolanos_0001,Enrique_Bolanos,507
Enrique_Bolanos_0002,Enrique_Bolanos,507
Enrique_Bolanos_0003,Enrique_Bolanos,507
Enrique_Bolanos_0004,Enrique_Bolanos,507
Enrique_Bolanos_0005,Enrique_Bolanos,507
Enrique_Haroldo_Gorriaran_Merlo_0001,Enrique_Haroldo_Gorriaran_Merlo,508
Enrique_Iglesias_0001,Enrique_Iglesias,509
Enrique_Medina_Gomez_0001,Enrique_Medina_Gomez,510
Enrique_Oliu_0001,Enrique_Oliu,511
Eric_Bana_0001,Eric_Bana,512
Eric_Benet_0001,Eric_Benet,513
Eric_Christian_Olsen_0001,Eric_Christian_Olsen,514
Eric_Clapton_0001,Eric_Clapton,515
Eric_Clapton_0002,Eric_Clapton,515
Eric_Daze_0001,Eric_Daze,516
Eric_Dubin_0001,Eric_Dubin,517
Eric_Fehr_0001,Eric_Fehr,518
Eric_Hinske_0001,Eric_Hinske,519
Eric_Hinske_0002,Eric_Hinske,519
Eric_Idle_0001,Eric_Idle,520
Eric_Lindros_0001,Eric_Lindros,521
Eric_Lloyd_0001,Eric_Lloyd,522
Eric_Robert_Rudolph_0001,Eric_Robert_Rudolph,523
Eric_Robert_Rudolph_0002,Eric_Robert_Rudolph,523
Eric_Robert_Rudolph_0003,Eric_Robert_Rudolph,523
Eric_Rosser_0001,Eric_Rosser,524
Eric_Rosser_0002,Eric_Rosser,524
Eric_Ryan_Donnelly_0001,Eric_Ryan_Donnelly,525
Eric_Schacht_0001,Eric_Schacht,526
Eric_Shinseki_0001,Eric_Shinseki,527
Eric_Snow_0001,Eric_Snow,528
Eric_Staal_0001,Eric_Staal,529
Eric_Taino_0001,Eric_Taino,530
Eric_Vigouroux_0001,Eric_Vigouroux,531
Eric_Wedge_0001,Eric_Wedge,532
Erick_Barkley_0001,Erick_Barkley,533
Erik_Morales_0001,Erik_Morales,534
Erik_Morales_0002,Erik_Morales,534
Erik_Morales_0003,Erik_Morales,534
Erika_Christensen_0001,Erika_Christensen,535
Erika_Christensen_0002,Erika_Christensen,535
Erika_Harold_0001,Erika_Harold,536
Erika_Harold_0002,Erika_Harold,536
Erika_Harold_0003,Erika_Harold,536
Erika_Harold_0004,Erika_Harold,536
Erika_Harold_0005,Erika_Harold,536
Erika_Reyes_0001,Erika_Reyes,537
Eriko_Tamura_0001,Eriko_Tamura,538
Erin_Brockovich_0001,Erin_Brockovich,539
Erin_Hershey_Presley_0001,Erin_Hershey_Presley,540
Erin_Runnion_0001,Erin_Runnion,541
Erin_Runnion_0002,Erin_Runnion,541
Erin_Runnion_0003,Erin_Runnion,541
Erin_Runnion_0004,Erin_Runnion,541
Ernest_Hollings_0001,Ernest_Hollings,542
Ernesto_Zedillo_0001,Ernesto_Zedillo,543
Ernesto_Zedillo_0002,Ernesto_Zedillo,543
Ernie_Els_0001,Ernie_Els,544
Ernie_Els_0002,Ernie_Els,544
Ernie_Els_0003,Ernie_Els,544
Ernie_Els_0004,Ernie_Els,544
Ernie_Eves_0001,Ernie_Eves,545
Ernie_Eves_0002,Ernie_Eves,545
Ernie_Fletcher_0001,Ernie_Fletcher,546
Ernie_Fletcher_0002,Ernie_Fletcher,546
Ernie_Grunfeld_0001,Ernie_Grunfeld,547
Ernie_Harwell_0001,Ernie_Harwell,548
Ernie_Preate_0001,Ernie_Preate,549
Ernie_Stewart_0001,Ernie_Stewart,550
Erskine_Bowles_0001,Erskine_Bowles,551
Erwin_Abdullah_0001,Erwin_Abdullah,552
Erwin_Mapasseng_0001,Erwin_Mapasseng,553
Esad_Landzo_0001,Esad_Landzo,554
Esteban_Cordoba-Velazquez_0001,Esteban_Cordoba-Velazquez,555
Estella_Warren_0001,Estella_Warren,556
Estelle_Morris_0001,Estelle_Morris,557
Ester_Canadas_0001,Ester_Canadas,558
Esther_Macklin_0001,Esther_Macklin,559
Ethan_Hawke_0001,Ethan_Hawke,560
Ethan_Hawke_0002,Ethan_Hawke,560
Ethan_Hawke_0003,Ethan_Hawke,560
Ethan_Hawke_0004,Ethan_Hawke,560
Etta_James_0001,Etta_James,561
Eugene_Melnyk_0001,Eugene_Melnyk,562
Eugene_Teslovic_0001,Eugene_Teslovic,563
Eunice_Barber_0001,Eunice_Barber,564
Eunice_Barber_0002,Eunice_Barber,564
Eurico_Guterres_0001,Eurico_Guterres,565
Eva_Amurri_0001,Eva_Amurri,566
Eva_Dimas_0001,Eva_Dimas,567
Eva_Dimas_0002,Eva_Dimas,567
Eva_Herzigova_0001,Eva_Herzigova,568
Eva_Marie_Saint_0001,Eva_Marie_Saint,569
Eva_Mendes_0001,Eva_Mendes,570
Evan_Marriott_0001,Evan_Marriott,571
Evan_Rachel_Wood_0001,Evan_Rachel_Wood,572
Evan_Rachel_Wood_0002,Evan_Rachel_Wood,572
Evan_Rachel_Wood_0003,Evan_Rachel_Wood,572
Evander_Holyfield_0001,Evander_Holyfield,573
Evander_Holyfield_0002,Evander_Holyfield,573
Eve_Ensler_0001,Eve_Ensler,574
Eve_Pelletier_0001,Eve_Pelletier,575
Eve_Pelletier_0002,Eve_Pelletier,575
Evelyn_Lauder_0001,Evelyn_Lauder,576
Evgeni_Plushenko_0001,Evgeni_Plushenko,577
Evie_Lazarou_0001,Evie_Lazarou,578
Evo_Morales_0001,Evo_Morales,579
Ewan_McGregor_0001,Ewan_McGregor,580
Fabian_Vargas_0001,Fabian_Vargas,581
Fabiola_Zuluaga_0001,Fabiola_Zuluaga,582
Fabiola_Zuluaga_0002,Fabiola_Zuluaga,582
Fabrice_Santoro_0001,Fabrice_Santoro,583
Fabrice_Santoro_0002,Fabrice_Santoro,583
Fabrice_Santoro_0003,Fabrice_Santoro,583
Fabricio_Oberto_0001,Fabricio_Oberto,584
Faisal_Iqbal_0001,Faisal_Iqbal,585
Faisal_Saleh_Hayat_0001,Faisal_Saleh_Hayat,586
Fann_Wong_0001,Fann_Wong,587
Farida_Ragoonanan_0001,Farida_Ragoonanan,588
Farouk_Kaddoumi_0001,Farouk_Kaddoumi,589
Farouk_al-Sharaa_0001,Farouk_al-Sharaa,590
Farouk_al-Sharaa_0002,Farouk_al-Sharaa,590
Farouk_al-Sharaa_0003,Farouk_al-Sharaa,590
Fatma_Kusibeh_0001,Fatma_Kusibeh,591
Fatmir_Limaj_0001,Fatmir_Limaj,592
Faye_Alibocus_0001,Faye_Alibocus,593
Faye_Dunaway_0001,Faye_Dunaway,594
Faye_Dunaway_0002,Faye_Dunaway,594
Faye_Dunaway_0003,Faye_Dunaway,594
Faye_Wong_0001,Faye_Wong,595
Fayssal_Mekdad_0001,Fayssal_Mekdad,596
Fayssal_Mekdad_0002,Fayssal_Mekdad,596
Fayssal_Mekdad_0003,Fayssal_Mekdad,596
Fayssal_Mekdad_0004,Fayssal_Mekdad,596
Fazal-ur-Rehman_0001,Fazal-ur-Rehman,597
Federico_Castelan_Sayre_0001,Federico_Castelan_Sayre,598
Federico_Fellini_0001,Federico_Fellini,599
Federico_Trillo_0001,Federico_Trillo,600
Federico_Trillo_0002,Federico_Trillo,600
Federico_Trillo_0003,Federico_Trillo,600
Feliciano_Lopez_0001,Feliciano_Lopez,601
Felicity_Huffman_0001,Felicity_Huffman,602
Felipe_De_Borbon_0001,Felipe_De_Borbon,603
Felipe_Fernandez_0001,Felipe_Fernandez,604
Felipe_Perez_Roque_0001,Felipe_Perez_Roque,605
Felipe_Perez_Roque_0002,Felipe_Perez_Roque,605
Felipe_Perez_Roque_0003,Felipe_Perez_Roque,605
Felipe_Perez_Roque_0004,Felipe_Perez_Roque,605
Felix_Doh_0001,Felix_Doh,606
Felix_Mantilla_0001,Felix_Mantilla,607
Felix_Mantilla_0002,Felix_Mantilla,607
Felix_Sanchez_0001,Felix_Sanchez,608
Felix_Trinidad_0001,Felix_Trinidad,609
Ferenc_Madl_0001,Ferenc_Madl,610
Ferenc_Madl_0002,Ferenc_Madl,610
Fernando_Alonso_0001,Fernando_Alonso,611
Fernando_Gonzalez_0001,Fernando_Gonzalez,612
Fernando_Gonzalez_0002,Fernando_Gonzalez,612
Fernando_Gonzalez_0003,Fernando_Gonzalez,612
Fernando_Gonzalez_0004,Fernando_Gonzalez,612
Fernando_Gonzalez_0005,Fernando_Gonzalez,612
Fernando_Gonzalez_0006,Fernando_Gonzalez,612
Fernando_Gonzalez_0007,Fernando_Gonzalez,612
Fernando_Gonzalez_0008,Fernando_Gonzalez,612
Fernando_Gonzalez_0009,Fernando_Gonzalez,612
Fernando_Henrique_Cardoso_0001,Fernando_Henrique_Cardoso,613
Fernando_Henrique_Cardoso_0002,Fernando_Henrique_Cardoso,613
Fernando_Henrique_Cardoso_0003,Fernando_Henrique_Cardoso,613
Fernando_Henrique_Cardoso_0004,Fernando_Henrique_Cardoso,613
Fernando_Henrique_Cardoso_0005,Fernando_Henrique_Cardoso,613
Fernando_Henrique_Cardoso_0006,Fernando_Henrique_Cardoso,613
Fernando_Henrique_Cardoso_0007,Fernando_Henrique_Cardoso,613
Fernando_Henrique_Cardoso_0008,Fernando_Henrique_Cardoso,613
Fernando_Hierro_0001,Fernando_Hierro,614
Fernando_Leon_de_Aranoa_0001,Fernando_Leon_de_Aranoa,615
Fernando_Sanz_0001,Fernando_Sanz,616
Fernando_Valenzuela_0001,Fernando_Valenzuela,617
Fernando_Vargas_0001,Fernando_Vargas,618
Fernando_Vargas_0002,Fernando_Vargas,618
Fernando_Vargas_0003,Fernando_Vargas,618
Fernando_Vargas_0004,Fernando_Vargas,618
Fernando_Velardez_0001,Fernando_Velardez,619
Festus_Mogae_0001,Festus_Mogae,620
Fidel_Castro_0001,Fidel_Castro,621
Fidel_Castro_0002,Fidel_Castro,621
Fidel_Castro_0003,Fidel_Castro,621
Fidel_Castro_0004,Fidel_Castro,621
Fidel_Castro_0005,Fidel_Castro,621
Fidel_Castro_0006,Fidel_Castro,621
Fidel_Castro_0007,Fidel_Castro,621
Fidel_Castro_0008,Fidel_Castro,621
Fidel_Castro_0009,Fidel_Castro,621
Fidel_Castro_0010,Fidel_Castro,621
Fidel_Castro_0011,Fidel_Castro,621
Fidel_Castro_0012,Fidel_Castro,621
Fidel_Castro_0013,Fidel_Castro,621
Fidel_Castro_0014,Fidel_Castro,621
Fidel_Castro_0015,Fidel_Castro,621
Fidel_Castro_0016,Fidel_Castro,621
Fidel_Castro_0017,Fidel_Castro,621
Fidel_Castro_0018,Fidel_Castro,621
Fidel_Castro_Daiz-Balart_0001,Fidel_Castro_Daiz-Balart,622
Filip_De_Winter_0001,Filip_De_Winter,623
Filippo_Inzaghi_0001,Filippo_Inzaghi,624
Filippo_Inzaghi_0002,Filippo_Inzaghi,624
Filippo_Inzaghi_0003,Filippo_Inzaghi,624
Filippo_Volandri_0001,Filippo_Volandri,625
Fiona_Milne_0001,Fiona_Milne,626
Flavia_Delaroli_0001,Flavia_Delaroli,627
Flavia_Delaroli_0002,Flavia_Delaroli,627
Flavia_Pennetta_0001,Flavia_Pennetta,628
Flor_Montulo_0001,Flor_Montulo,629
Flor_Montulo_0002,Flor_Montulo,629
Florecita_Cobian_0001,Florecita_Cobian,630
Florencia_Kirchner_0001,Florencia_Kirchner,631
Florencia_Macri_0001,Florencia_Macri,632
Floyd_Keith_0001,Floyd_Keith,633
Floyd_Mayweather_0001,Floyd_Mayweather,634
Fran_Drescher_0001,Fran_Drescher,635
Fran_Drescher_0002,Fran_Drescher,635
Frances_Fisher_0001,Frances_Fisher,636
Frances_Fisher_0002,Frances_Fisher,636
Francesco_Totti_0001,Francesco_Totti,637
Francis_Collins_0001,Francis_Collins,638
Francis_Crick_0001,Francis_Crick,639
Francis_Ford_Coppola_0001,Francis_Ford_Coppola,640
Francis_Ford_Coppola_0002,Francis_Ford_Coppola,640
Francis_George_0001,Francis_George,641
Francis_George_0002,Francis_George,641
Francis_Mer_0001,Francis_Mer,642
Francis_Mer_0002,Francis_Mer,642
Francis_Ricciardone_0001,Francis_Ricciardone,643
Francisco_Flores_0001,Francisco_Flores,644
Francisco_Flores_0002,Francisco_Flores,644
Francisco_Flores_0003,Francisco_Flores,644
Francisco_Flores_0004,Francisco_Flores,644
Francisco_Garcia_0001,Francisco_Garcia,645
Francisco_Maturana_0001,Francisco_Maturana,646
Francisco_Santos_0001,Francisco_Santos,647
Francisco_Urenda_0001,Francisco_Urenda,648
Franck_Cerutti_0001,Franck_Cerutti,649
Franco_Cangele_0001,Franco_Cangele,650
Franco_Dragone_0001,Franco_Dragone,651
Franco_Dragone_0002,Franco_Dragone,651
Franco_Frattini_0001,Franco_Frattini,652
Francois_Botha_0001,Francois_Botha,653
Francois_Ozon_0001,Francois_Ozon,654
Francois_Pienaar_0001,Francois_Pienaar,655
Frank_Abagnale_Jr_0001,Frank_Abagnale_Jr,656
Frank_Beamer_0001,Frank_Beamer,657
Frank_Bell_0001,Frank_Bell,658
Frank_Cassell_0001,Frank_Cassell,659
Frank_Cassell_0002,Frank_Cassell,659
Frank_Cassell_0003,Frank_Cassell,659
Frank_Coraci_0001,Frank_Coraci,660
Frank_Dunham_Jr_0002,Frank_Dunham_Jr,661
Frank_Griswold_0001,Frank_Griswold,662
Frank_Griswold_0002,Frank_Griswold,662
Frank_Hilldrup_0001,Frank_Hilldrup,663
Frank_Hsieh_0001,Frank_Hsieh,664
Frank_Keating_0001,Frank_Keating,665
Frank_Lautenberg_0001,Frank_Lautenberg,666
Frank_Lautenberg_0002,Frank_Lautenberg,666
Frank_Marshall_0001,Frank_Marshall,667
Frank_Murkowski_0001,Frank_Murkowski,668
Frank_Pallone_0001,Frank_Pallone,669
Frank_Schmoekel_0001,Frank_Schmoekel,670
Frank_Shea_0001,Frank_Shea,671
Frank_Sinatra_0001,Frank_Sinatra,672
Frank_Solich_0001,Frank_Solich,673
Frank_Solich_0002,Frank_Solich,673
Frank_Solich_0003,Frank_Solich,673
Frank_Solich_0004,Frank_Solich,673
Frank_Solich_0005,Frank_Solich,673
Frank_Stallone_0001,Frank_Stallone,674
Frank_Stallone_0002,Frank_Stallone,674
Frank_Taylor_0001,Frank_Taylor,675
Frank_Van_Ecke_0001,Frank_Van_Ecke,676
Frank_Wycheck_0001,Frank_Wycheck,677
Frank_Zappa_0001,Frank_Zappa,678
Franklin_Brown_0001,Franklin_Brown,679
Franko_Simatovic_0001,Franko_Simatovic,680
Franko_Simatovic_0002,Franko_Simatovic,680
Franz_Beckenbauer_0001,Franz_Beckenbauer,681
Franz_Beckenbauer_0002,Franz_Beckenbauer,681
Franz_Fischler_0001,Franz_Fischler,682
Franz_Fischler_0002,Franz_Fischler,682
Franz_Fischler_0003,Franz_Fischler,682
Franz_Fischler_0004,Franz_Fischler,682
Franz_Gsell_0001,Franz_Gsell,683
Franz_Muentefering_0001,Franz_Muentefering,684
Franz_Muentefering_0002,Franz_Muentefering,684
Franz_Muentefering_0003,Franz_Muentefering,684
Franz_Muentefering_0004,Franz_Muentefering,684
Fred_Durst_0001,Fred_Durst,685
Fred_Eckhard_0001,Fred_Eckhard,686
Fred_Eckhard_0002,Fred_Eckhard,686
Fred_Eckhard_0003,Fred_Eckhard,686
Fred_Funk_0001,Fred_Funk,687
Fred_Funk_0002,Fred_Funk,687
Fred_Huff_0001,Fred_Huff,688
Fred_Rogers_0001,Fred_Rogers,689
Fred_Swan_0001,Fred_Swan,690
Fred_Thompson_0001,Fred_Thompson,691
Fred_Thompson_0002,Fred_Thompson,691
Fred_Thompson_0003,Fred_Thompson,691
Fred_Wilpon_0001,Fred_Wilpon,692
Freda_Black_0001,Freda_Black,693
Freddy_Garcia_0001,Freddy_Garcia,694
Freddy_Garcia_0002,Freddy_Garcia,694
Freddy_Vasques_Kinchokpe_0001,Freddy_Vasques_Kinchokpe,695
Frederick_Madden_0001,Frederick_Madden,696
Frederique_van_der_Wal_0001,Frederique_van_der_Wal,697
Fredric_Seaman_0001,Fredric_Seaman,698
Fruit_Chan_0001,Fruit_Chan,699
Fujio_Cho_0001,Fujio_Cho,700
Fujio_Cho_0002,Fujio_Cho,700
Fujio_Cho_0003,Fujio_Cho,700
Fujio_Cho_0004,Fujio_Cho,700
Fujio_Cho_0005,Fujio_Cho,700
Fujio_Cho_0006,Fujio_Cho,700
Fujio_Mitarai_0001,Fujio_Mitarai,701
GL_Peiris_0001,GL_Peiris,702
GL_Peiris_0002,GL_Peiris,702
GL_Peiris_0003,GL_Peiris,702
GL_Peiris_0004,GL_Peiris,702
Gabi_Zimmer_0001,Gabi_Zimmer,703
Gabriel_Batistuta_0001,Gabriel_Batistuta,704
Gabriel_Batistuta_0002,Gabriel_Batistuta,704
Gabriel_Farhi_0001,Gabriel_Farhi,705
Gabriel_Hughes_0001,Gabriel_Hughes,706
Gabriel_Jorge_Ferreia_0001,Gabriel_Jorge_Ferreia,707
Gabriel_Valdes_0001,Gabriel_Valdes,708
Gabriel_Valdes_0002,Gabriel_Valdes,708
Gabriella_Bo_0001,Gabriella_Bo,709
Gabrielle_Rose_0001,Gabrielle_Rose,710
Gabrielle_Union_0001,Gabrielle_Union,711
Gael_Garcia_Bermal_0001,Gael_Garcia_Bermal,712
Gala_Leon_Garcia_0001,Gala_Leon_Garcia,713
Galen_Rowell_0001,Galen_Rowell,714
Gao_Qiang_0001,Gao_Qiang,715
Gao_Qiang_0002,Gao_Qiang,715
Garry_Alejano_0001,Garry_Alejano,716
Garry_Kasparov_0001,Garry_Kasparov,717
Garry_Kasparov_0002,Garry_Kasparov,717
Garry_McCoy_0001,Garry_McCoy,718
Garry_Trudeau_0001,Garry_Trudeau,719
Garry_Trudeau_0002,Garry_Trudeau,719
Garry_Witherall_0001,Garry_Witherall,720
Garth_Drabinsky_0001,Garth_Drabinsky,721
Gary_Bald_0001,Gary_Bald,722
Gary_Barnett_0001,Gary_Barnett,723
Gary_Bauer_0001,Gary_Bauer,724
Gary_Bergeron_0001,Gary_Bergeron,725
Gary_Bergeron_0002,Gary_Bergeron,725
Gary_Bettman_0001,Gary_Bettman,726
Gary_Carter_0001,Gary_Carter,727
Gary_Carter_0002,Gary_Carter,727
Gary_Carter_0003,Gary_Carter,727
Gary_Coleman_0001,Gary_Coleman,728
Gary_Condit_0001,Gary_Condit,729
Gary_Dellaverson_0001,Gary_Dellaverson,730
Gary_Doer_0001,Gary_Doer,731
Gary_Doer_0002,Gary_Doer,731
Gary_Doer_0003,Gary_Doer,731
Gary_Forsee_0001,Gary_Forsee,732
Gary_Forsee_0002,Gary_Forsee,732
Gary_Gero_0001,Gary_Gero,733
Gary_Gitnick_0001,Gary_Gitnick,734
Gary_Leon_Ridgway_0001,Gary_Leon_Ridgway,735
Gary_Locke_0001,Gary_Locke,736
Gary_Locke_0002,Gary_Locke,736
Gary_Marshall_0001,Gary_Marshall,737
Gary_Paer_0001,Gary_Paer,738
Gary_Sayler_0001,Gary_Sayler,739
Gary_Sinise_0001,Gary_Sinise,740
Gary_Stevens_0001,Gary_Stevens,741
Gary_Williams_0001,Gary_Williams,742
Gary_Williams_0002,Gary_Williams,742
Gary_Winnick_0001,Gary_Winnick,743
Gary_Winnick_0002,Gary_Winnick,743
Gaston_Gaudio_0001,Gaston_Gaudio,744
Gavin_Degraw_0001,Gavin_Degraw,745
Gavyn_Arthur_0001,Gavyn_Arthur,746
Gavyn_Davies_0001,Gavyn_Davies,747
Gen_Meredith_0001,Gen_Meredith,748
Gene_Autry_0001,Gene_Autry,749
Gene_Hackman_0001,Gene_Hackman,750
Gene_Keady_0001,Gene_Keady,751
Gene_Orza_0001,Gene_Orza,752
Gene_Robinson_0001,Gene_Robinson,753
Gene_Robinson_0002,Gene_Robinson,753
Gene_Robinson_0003,Gene_Robinson,753
Gene_Robinson_0004,Gene_Robinson,753
Gene_Robinson_0005,Gene_Robinson,753
Gene_Sauers_0001,Gene_Sauers,754
Gennifer_Flowers_0001,Gennifer_Flowers,755
Geno_Auriemma_0001,Geno_Auriemma,756
Geno_Auriemma_0002,Geno_Auriemma,756
Geoff_Dixon_0001,Geoff_Dixon,757
Geoff_Hoon_0001,Geoff_Hoon,758
Geoff_Hoon_0002,Geoff_Hoon,758
Geoff_Hoon_0003,Geoff_Hoon,758
Geoff_Hoon_0004,Geoff_Hoon,758
Geoff_Hoon_0005,Geoff_Hoon,758
Geoff_Hoon_0006,Geoff_Hoon,758
Geoff_Hoon_0007,Geoff_Hoon,758
Geoffrey_Davis_0001,Geoffrey_Davis,759
Geoffrey_Rush_0001,Geoffrey_Rush,760
George_Allen_0001,George_Allen,761
George_Blaney_0001,George_Blaney,762
George_Bovell_0001,George_Bovell,763
George_Brumley_0001,George_Brumley,764
George_Brumley_0002,George_Brumley,764
George_Brumley_III_0001,George_Brumley_III,765
George_Clooney_0001,George_Clooney,766
George_Clooney_0002,George_Clooney,766
George_Clooney_0003,George_Clooney,766
George_Clooney_0004,George_Clooney,766
George_Clooney_0005,George_Clooney,766
George_Clooney_0006,George_Clooney,766
George_Clooney_0007,George_Clooney,766
George_Clooney_0008,George_Clooney,766
George_Clooney_0009,George_Clooney,766
George_Foreman_0001,George_Foreman,767
George_Foreman_0002,George_Foreman,767
George_Galloway_0001,George_Galloway,768
George_Galloway_0002,George_Galloway,768
George_Galloway_0003,George_Galloway,768
George_Galloway_0004,George_Galloway,768
George_Gregan_0001,George_Gregan,769
George_HW_Bush_0001,George_HW_Bush,770
George_HW_Bush_0002,George_HW_Bush,770
George_HW_Bush_0003,George_HW_Bush,770
George_HW_Bush_0004,George_HW_Bush,770
George_HW_Bush_0005,George_HW_Bush,770
George_HW_Bush_0006,George_HW_Bush,770
George_HW_Bush_0007,George_HW_Bush,770
George_HW_Bush_0008,George_HW_Bush,770
George_HW_Bush_0009,George_HW_Bush,770
George_HW_Bush_0010,George_HW_Bush,770
George_HW_Bush_0011,George_HW_Bush,770
George_HW_Bush_0012,George_HW_Bush,770
George_HW_Bush_0013,George_HW_Bush,770
George_Harrison_0001,George_Harrison,771
George_Karl_0001,George_Karl,772
George_Karl_0002,George_Karl,772
George_Lopez_0001,George_Lopez,773
George_Lopez_0002,George_Lopez,773
George_Lopez_0003,George_Lopez,773
George_Lopez_0004,George_Lopez,773
George_Lopez_0005,George_Lopez,773
George_Lucas_0001,George_Lucas,774
George_Maxwell_Richards_0001,George_Maxwell_Richards,775
George_McCloud_0001,George_McCloud,776
George_Murphy_0001,George_Murphy,777
George_P_Bush_0001,George_P_Bush,778
George_P_Bush_0002,George_P_Bush,778
George_Papandreou_0001,George_Papandreou,779
George_Papandreou_0002,George_Papandreou,779
George_Papandreou_0003,George_Papandreou,779
George_Papandreou_0004,George_Papandreou,779
George_Pataki_0001,George_Pataki,780
George_Pataki_0002,George_Pataki,780
George_Pataki_0003,George_Pataki,780
George_Pataki_0004,George_Pataki,780
George_Pataki_0005,George_Pataki,780
George_Plimpton_0001,George_Plimpton,781
George_Robertson_0001,George_Robertson,782
George_Robertson_0002,George_Robertson,782
George_Robertson_0003,George_Robertson,782
George_Robertson_0004,George_Robertson,782
George_Robertson_0005,George_Robertson,782
George_Robertson_0006,George_Robertson,782
George_Robertson_0007,George_Robertson,782
George_Robertson_0008,George_Robertson,782
George_Robertson_0009,George_Robertson,782
George_Robertson_0010,George_Robertson,782
George_Robertson_0011,George_Robertson,782
George_Robertson_0012,George_Robertson,782
George_Robertson_0013,George_Robertson,782
George_Robertson_0014,George_Robertson,782
George_Robertson_0015,George_Robertson,782
George_Robertson_0016,George_Robertson,782
George_Robertson_0017,George_Robertson,782
George_Robertson_0018,George_Robertson,782
George_Robertson_0019,George_Robertson,782
George_Robertson_0020,George_Robertson,782
George_Robertson_0021,George_Robertson,782
George_Robertson_0022,George_Robertson,782
George_Roy_Hill_0001,George_Roy_Hill,783
George_Roy_Hill_0002,George_Roy_Hill,783
Glafcos_Clerides_0002,Glafcos_Clerides,784
Glafcos_Clerides_0003,Glafcos_Clerides,784
Glafcos_Clerides_0004,Glafcos_Clerides,784
Glen_Clark_0001,Glen_Clark,785
Glen_DaSilva_0001,Glen_DaSilva,786
Glen_Sather_0001,Glen_Sather,787
Glenn_Plummer_0001,Glenn_Plummer,788
Glenn_Rivers_0001,Glenn_Rivers,789
Glenn_Tilton_0001,Glenn_Tilton,790
Gloria_Allred_0001,Gloria_Allred,791
Gloria_Allred_0002,Gloria_Allred,791
Gloria_Gaynor_0001,Gloria_Gaynor,792
Gloria_Macapagal_Arroyo_0001,Gloria_Macapagal_Arroyo,793
Gloria_Macapagal_Arroyo_0002,Gloria_Macapagal_Arroyo,793
Gloria_Macapagal_Arroyo_0003,Gloria_Macapagal_Arroyo,793
Gloria_Macapagal_Arroyo_0004,Gloria_Macapagal_Arroyo,793
Gloria_Macapagal_Arroyo_0005,Gloria_Macapagal_Arroyo,793
Gloria_Macapagal_Arroyo_0006,Gloria_Macapagal_Arroyo,793
Gloria_Macapagal_Arroyo_0007,Gloria_Macapagal_Arroyo,793
Gloria_Macapagal_Arroyo_0008,Gloria_Macapagal_Arroyo,793
Gloria_Macapagal_Arroyo_0009,Gloria_Macapagal_Arroyo,793
Gloria_Macapagal_Arroyo_0010,Gloria_Macapagal_Arroyo,793
Gloria_Macapagal_Arroyo_0011,Gloria_Macapagal_Arroyo,793
Gloria_Macapagal_Arroyo_0012,Gloria_Macapagal_Arroyo,793
Gloria_Macapagal_Arroyo_0013,Gloria_Macapagal_Arroyo,793
Gloria_Macapagal_Arroyo_0014,Gloria_Macapagal_Arroyo,793
Gloria_Macapagal_Arroyo_0015,Gloria_Macapagal_Arroyo,793
Gloria_Macapagal_Arroyo_0016,Gloria_Macapagal_Arroyo,793
Gloria_Macapagal_Arroyo_0017,Gloria_Macapagal_Arroyo,793
Gloria_Macapagal_Arroyo_0018,Gloria_Macapagal_Arroyo,793
Gloria_Macapagal_Arroyo_0019,Gloria_Macapagal_Arroyo,793
Gloria_Macapagal_Arroyo_0020,Gloria_Macapagal_Arroyo,793
Gloria_Macapagal_Arroyo_0021,Gloria_Macapagal_Arroyo,793
Gloria_Macapagal_Arroyo_0022,Gloria_Macapagal_Arroyo,793
Gloria_Macapagal_Arroyo_0023,Gloria_Macapagal_Arroyo,793
Gloria_Macapagal_Arroyo_0024,Gloria_Macapagal_Arroyo,793
Gloria_Macapagal_Arroyo_0025,Gloria_Macapagal_Arroyo,793
Gloria_Macapagal_Arroyo_0026,Gloria_Macapagal_Arroyo,793
Gloria_Macapagal_Arroyo_0027,Gloria_Macapagal_Arroyo,793
Gloria_Macapagal_Arroyo_0028,Gloria_Macapagal_Arroyo,793
Gloria_Macapagal_Arroyo_0029,Gloria_Macapagal_Arroyo,793
Gloria_Macapagal_Arroyo_0030,Gloria_Macapagal_Arroyo,793
Gloria_Macapagal_Arroyo_0031,Gloria_Macapagal_Arroyo,793
Gloria_Macapagal_Arroyo_0032,Gloria_Macapagal_Arroyo,793
Gloria_Macapagal_Arroyo_0033,Gloria_Macapagal_Arroyo,793
Gloria_Macapagal_Arroyo_0034,Gloria_Macapagal_Arroyo,793
Gloria_Macapagal_Arroyo_0035,Gloria_Macapagal_Arroyo,793
Gloria_Macapagal_Arroyo_0036,Gloria_Macapagal_Arroyo,793
Gloria_Macapagal_Arroyo_0037,Gloria_Macapagal_Arroyo,793
Gloria_Macapagal_Arroyo_0038,Gloria_Macapagal_Arroyo,793
Gloria_Macapagal_Arroyo_0039,Gloria_Macapagal_Arroyo,793
Gloria_Macapagal_Arroyo_0040,Gloria_Macapagal_Arroyo,793
Gloria_Macapagal_Arroyo_0041,Gloria_Macapagal_Arroyo,793
Gloria_Macapagal_Arroyo_0042,Gloria_Macapagal_Arroyo,793
Gloria_Macapagal_Arroyo_0043,Gloria_Macapagal_Arroyo,793
Gloria_Macapagal_Arroyo_0044,Gloria_Macapagal_Arroyo,793
Gloria_Trevi_0001,Gloria_Trevi,794
Gloria_Trevi_0002,Gloria_Trevi,794
Gloria_Trevi_0003,Gloria_Trevi,794
Gloria_Trevi_0004,Gloria_Trevi,794
Goh_Kun_0001,Goh_Kun,795
Goh_Kun_0002,Goh_Kun,795
Goldie_Hawn_0001,Goldie_Hawn,796
Goldie_Hawn_0002,Goldie_Hawn,796
Goldie_Hawn_0003,Goldie_Hawn,796
Goldie_Hawn_0004,Goldie_Hawn,796
Goldie_Hawn_0005,Goldie_Hawn,796
Goldie_Hawn_0006,Goldie_Hawn,796
Goldie_Hawn_0007,Goldie_Hawn,796
Gong_Li_0001,Gong_Li,797
Gong_Ruina_0001,Gong_Ruina,798
Gonzalo_Barrientos_0001,Gonzalo_Barrientos,799
Gonzalo_Sanchez_de_Lozada_0001,Gonzalo_Sanchez_de_Lozada,800
Gonzalo_Sanchez_de_Lozada_0002,Gonzalo_Sanchez_de_Lozada,800
Gonzalo_Sanchez_de_Lozada_0003,Gonzalo_Sanchez_de_Lozada,800
Gonzalo_Sanchez_de_Lozada_0004,Gonzalo_Sanchez_de_Lozada,800
Gonzalo_Sanchez_de_Lozada_0005,Gonzalo_Sanchez_de_Lozada,800
Gonzalo_Sanchez_de_Lozada_0006,Gonzalo_Sanchez_de_Lozada,800
Gonzalo_Sanchez_de_Lozada_0007,Gonzalo_Sanchez_de_Lozada,800
Gonzalo_Sanchez_de_Lozada_0008,Gonzalo_Sanchez_de_Lozada,800
Gonzalo_Sanchez_de_Lozada_0009,Gonzalo_Sanchez_de_Lozada,800
Gonzalo_Sanchez_de_Lozada_0010,Gonzalo_Sanchez_de_Lozada,800
Gonzalo_Sanchez_de_Lozada_0011,Gonzalo_Sanchez_de_Lozada,800
Gonzalo_Sanchez_de_Lozada_0012,Gonzalo_Sanchez_de_Lozada,800
Goran_Persson_0001,Goran_Persson,801
Goran_Persson_0002,Goran_Persson,801
Goran_Zivkovic_0001,Goran_Zivkovic,802
Gordana_Grubin_0001,Gordana_Grubin,803
Gorden_Tallis_0001,Gorden_Tallis,804
Gordon_Brown_0001,Gordon_Brown,805
Gordon_Brown_0002,Gordon_Brown,805
Gordon_Brown_0003,Gordon_Brown,805
Gordon_Brown_0004,Gordon_Brown,805
Gordon_Brown_0005,Gordon_Brown,805
Gordon_Brown_0006,Gordon_Brown,805
Gordon_Brown_0007,Gordon_Brown,805
Gordon_Brown_0008,Gordon_Brown,805
Gordon_Brown_0009,Gordon_Brown,805
Gordon_Brown_0010,Gordon_Brown,805
Gordon_Brown_0011,Gordon_Brown,805
Gordon_Brown_0012,Gordon_Brown,805
Gordon_Brown_0013,Gordon_Brown,805
Gordon_Campbell_0001,Gordon_Campbell,806
Gordon_Campbell_0002,Gordon_Campbell,806
Gordon_Cooper_0001,Gordon_Cooper,807
Gordon_Lightfoot_0001,Gordon_Lightfoot,808
Gordon_McDonald_0001,Gordon_McDonald,809
Gore_Verbinski_0001,Gore_Verbinski,810
Gore_Vidal_0001,Gore_Vidal,811
Grace_Brinell_0001,Grace_Brinell,812
Grace_Dodd_0001,Grace_Dodd,813
Grace_Kelly_0001,Grace_Kelly,814
Gracia_Burnham_0001,Gracia_Burnham,815
Graciano_Rocchigiani_0001,Graciano_Rocchigiani,816
Grady_Irvin_Jr_0001,Grady_Irvin_Jr,817
Grady_Irvin_Jr_0002,Grady_Irvin_Jr,817
Grady_Little_0001,Grady_Little,818
Graeme_Lloyd_0001,Graeme_Lloyd,819
Graeme_Smith_0001,Graeme_Smith,820
Graham_Bentley_0001,Graham_Bentley,821
Grant_Hackett_0001,Grant_Hackett,822
Grant_Hackett_0002,Grant_Hackett,822
Grant_Hackett_0003,Grant_Hackett,822
Grant_Hackett_0004,Grant_Hackett,822
Grant_Hackett_0005,Grant_Hackett,822
Grant_Rossenmeyer_0001,Grant_Rossenmeyer,823
Gray_Davis_0001,Gray_Davis,824
Gray_Davis_0002,Gray_Davis,824
Gray_Davis_0003,Gray_Davis,824
Gray_Davis_0004,Gray_Davis,824
Gray_Davis_0005,Gray_Davis,824
Gray_Davis_0006,Gray_Davis,824
Gray_Davis_0007,Gray_Davis,824
Gray_Davis_0008,Gray_Davis,824
Gray_Davis_0009,Gray_Davis,824
Gray_Davis_0010,Gray_Davis,824
Gray_Davis_0011,Gray_Davis,824
Gray_Davis_0012,Gray_Davis,824
Gray_Davis_0013,Gray_Davis,824
Gray_Davis_0014,Gray_Davis,824
Gray_Davis_0015,Gray_Davis,824
Gray_Davis_0016,Gray_Davis,824
Gray_Davis_0017,Gray_Davis,824
Gray_Davis_0018,Gray_Davis,824
Gray_Davis_0019,Gray_Davis,824
Gray_Davis_0020,Gray_Davis,824
Gray_Davis_0021,Gray_Davis,824
Gray_Davis_0022,Gray_Davis,824
Gray_Davis_0023,Gray_Davis,824
Gray_Davis_0024,Gray_Davis,824
Gray_Davis_0025,Gray_Davis,824
Gray_Davis_0026,Gray_Davis,824
Greg_Frers_0001,Greg_Frers,825
Greg_Gilbert_0001,Greg_Gilbert,826
Greg_Gilbert_0002,Greg_Gilbert,826
Greg_Hennigar_0001,Greg_Hennigar,827
Greg_Hodge_0001,Greg_Hodge,828
Greg_Kinnear_0001,Greg_Kinnear,829
Greg_Kinsey_0001,Greg_Kinsey,830
Greg_Ostertag_0001,Greg_Ostertag,831
Greg_Ostertag_0002,Greg_Ostertag,831
Greg_Owen_0001,Greg_Owen,832
Greg_Owen_0002,Greg_Owen,832
Greg_Rusedski_0001,Greg_Rusedski,833
Greg_Rusedski_0002,Greg_Rusedski,833
Greg_Rusedski_0003,Greg_Rusedski,833
Greg_Rusedski_0004,Greg_Rusedski,833
Gregg_Berhalter_0001,Gregg_Berhalter,834
Gregg_Popovich_0001,Gregg_Popovich,835
Gregg_Popovich_0002,Gregg_Popovich,835
Gregg_Popovich_0003,Gregg_Popovich,835
Gregg_Popovich_0004,Gregg_Popovich,835
Gregg_Popovich_0005,Gregg_Popovich,835
Gregor_Gysi_0001,Gregor_Gysi,836
Gregorio_Honasan_0001,Gregorio_Honasan,837
Gregorio_Rosal_0001,Gregorio_Rosal,838
Gregory_Geoffroy_0001,Gregory_Geoffroy,839
Gregory_Geoffroy_0002,Gregory_Geoffroy,839
Gregory_Hines_0001,Gregory_Hines,840
Gregory_Hines_0002,Gregory_Hines,840
Gregory_Peck_0001,Gregory_Peck,841
Gretchen_Mol_0001,Gretchen_Mol,842
Griffin_Colvin_0001,Griffin_Colvin,843
Gro_Harlem_Brundtland_0001,Gro_Harlem_Brundtland,844
Gro_Harlem_Brundtland_0002,Gro_Harlem_Brundtland,844
Guangdong_Ou_Guangyuan_0001,Guangdong_Ou_Guangyuan,845
Guennadi_Chipouline_0001,Guennadi_Chipouline,846
Guenter_Verheugen_0001,Guenter_Verheugen,847
Guido_Westerwelle_0001,Guido_Westerwelle,848
Guido_Westerwelle_0002,Guido_Westerwelle,848
Guillaume_Cannet_0001,Guillaume_Cannet,849
Guillaume_Depardieu_0001,Guillaume_Depardieu,850
Guillaume_Soro_0001,Guillaume_Soro,851
Guillaume_Soro_0002,Guillaume_Soro,851
Guillermo_Canas_0001,Guillermo_Canas,852
Guillermo_Canas_0002,Guillermo_Canas,852
Guillermo_Canas_0003,Guillermo_Canas,852
Guillermo_Canas_0004,Guillermo_Canas,852
Guillermo_Coria_0001,Guillermo_Coria,853
Guillermo_Coria_0002,Guillermo_Coria,853
Guillermo_Coria_0003,Guillermo_Coria,853
Guillermo_Coria_0004,Guillermo_Coria,853
Guillermo_Coria_0005,Guillermo_Coria,853
Guillermo_Coria_0006,Guillermo_Coria,853
Guillermo_Coria_0007,Guillermo_Coria,853
Guillermo_Coria_0008,Guillermo_Coria,853
Guillermo_Coria_0009,Guillermo_Coria,853
Guillermo_Coria_0010,Guillermo_Coria,853
Guillermo_Coria_0011,Guillermo_Coria,853
Guillermo_Coria_0012,Guillermo_Coria,853
Guillermo_Coria_0013,Guillermo_Coria,853
Guillermo_Coria_0014,Guillermo_Coria,853
Guillermo_Coria_0015,Guillermo_Coria,853
Guillermo_Coria_0016,Guillermo_Coria,853
Guillermo_Coria_0017,Guillermo_Coria,853
Guillermo_Coria_0018,Guillermo_Coria,853
Guillermo_Coria_0019,Guillermo_Coria,853
Guillermo_Coria_0020,Guillermo_Coria,853
Guillermo_Coria_0021,Guillermo_Coria,853
Guillermo_Coria_0022,Guillermo_Coria,853
Guillermo_Coria_0023,Guillermo_Coria,853
Guillermo_Coria_0024,Guillermo_Coria,853
Guillermo_Coria_0025,Guillermo_Coria,853
Guillermo_Coria_0026,Guillermo_Coria,853
Guillermo_Coria_0027,Guillermo_Coria,853
Guillermo_Coria_0028,Guillermo_Coria,853
Guillermo_Coria_0029,Guillermo_Coria,853
Guillermo_Coria_0030,Guillermo_Coria,853
Guillermo_Monroy_0001,Guillermo_Monroy,854
Guillermo_Ortiz_0001,Guillermo_Ortiz,855
Guillermo_Ortiz_0002,Guillermo_Ortiz,855
Guillermo_Ruiz_Polanco_0001,Guillermo_Ruiz_Polanco,856
Gunilla_Backman_0001,Gunilla_Backman,857
Gunter_Pleuger_0001,Gunter_Pleuger,858
Gunter_Pleuger_0002,Gunter_Pleuger,858
Gunter_Pleuger_0003,Gunter_Pleuger,858
Gunter_Pleuger_0004,Gunter_Pleuger,858
Gunter_Pleuger_0005,Gunter_Pleuger,858
Gunter_Pleuger_0006,Gunter_Pleuger,858
Gunter_Pleuger_0007,Gunter_Pleuger,858
Gus_Frerotte_0001,Gus_Frerotte,859
Gus_Van_Sant_0001,Gus_Van_Sant,860
Gus_Van_Sant_0002,Gus_Van_Sant,860
Gus_Van_Sant_0003,Gus_Van_Sant,860
Gustavo_Cisneros_0001,Gustavo_Cisneros,861
Gustavo_Franco_0001,Gustavo_Franco,862
Gustavo_Kuerten_0001,Gustavo_Kuerten,863
Gustavo_Kuerten_0002,Gustavo_Kuerten,863
Gustavo_Kuerten_0003,Gustavo_Kuerten,863
Gustavo_Noboa_0001,Gustavo_Noboa,864
Gustavo_Terrazas_0001,Gustavo_Terrazas,865
Guus_Hiddink_0001,Guus_Hiddink,866
Guy_Hemmings_0001,Guy_Hemmings,867
Guy_Hemmings_0002,Guy_Hemmings,867
Guy_Ritchie_0001,Guy_Ritchie,868
Guy_Ritchie_0002,Guy_Ritchie,868
Guy_Verhofstadt_0001,Guy_Verhofstadt,869
Gwen_Stefani_0001,Gwen_Stefani,870
Gwendal_Peizerat_0001,Gwendal_Peizerat,871
Gwendal_Peizerat_0002,Gwendal_Peizerat,871
Gwendal_Peizerat_0003,Gwendal_Peizerat,871
Gwyneth_Paltrow_0001,Gwyneth_Paltrow,872
Gwyneth_Paltrow_0002,Gwyneth_Paltrow,872
Gwyneth_Paltrow_0003,Gwyneth_Paltrow,872
Gwyneth_Paltrow_0004,Gwyneth_Paltrow,872
Gwyneth_Paltrow_0005,Gwyneth_Paltrow,872
Gwyneth_Paltrow_0006,Gwyneth_Paltrow,872
Habib_Hisham_0001,Habib_Hisham,873
Habib_Rizieq_0001,Habib_Rizieq,874
Habib_Rizieq_0002,Habib_Rizieq,874
Habib_Rizieq_0003,Habib_Rizieq,874
Habib_Rizieq_0004,Habib_Rizieq,874
Habib_Rizieq_0005,Habib_Rizieq,874
Hadley_Bilger_0001,Hadley_Bilger,875
Hal_Gehman_0001,Hal_Gehman,876
Hal_Gehman_0002,Hal_Gehman,876
Hal_Gehman_0003,Hal_Gehman,876
Hal_Gehman_0004,Hal_Gehman,876
Hal_Gehman_0005,Hal_Gehman,876
Hal_McCoy_0001,Hal_McCoy,877
Hal_Sellers_0001,Hal_Sellers,878
Hal_Sutton_0001,Hal_Sutton,879
Hal_Sutton_0002,Hal_Sutton,879
Halbert_Fillinger_0001,Halbert_Fillinger,880
Halle_Berry_0001,Halle_Berry,881
Halle_Berry_0002,Halle_Berry,881
Halle_Berry_0003,Halle_Berry,881
Halle_Berry_0004,Halle_Berry,881
Halle_Berry_0005,Halle_Berry,881
Halle_Berry_0006,Halle_Berry,881
Halle_Berry_0007,Halle_Berry,881
Halle_Berry_0008,Halle_Berry,881
Halle_Berry_0009,Halle_Berry,881
Halle_Berry_0010,Halle_Berry,881
Halle_Berry_0011,Halle_Berry,881
Halle_Berry_0012,Halle_Berry,881
Halle_Berry_0013,Halle_Berry,881
Halle_Berry_0014,Halle_Berry,881
Halle_Berry_0015,Halle_Berry,881
Halle_Berry_0016,Halle_Berry,881
Ham_Pong-sil_0001,Ham_Pong-sil,882
Hama_Arba_Diallo_0001,Hama_Arba_Diallo,883
Hamad_Bin_Isa_al-Khalifa_0001,Hamad_Bin_Isa_al-Khalifa,884
Hamad_Bin_Jassim_0001,Hamad_Bin_Jassim,885
Hamid_Efendi_0001,Hamid_Efendi,886
Hamid_Karzai_0001,Hamid_Karzai,887
Hamid_Karzai_0002,Hamid_Karzai,887
Hamid_Karzai_0003,Hamid_Karzai,887
Hamid_Karzai_0004,Hamid_Karzai,887
Hamid_Karzai_0005,Hamid_Karzai,887
Hamid_Karzai_0006,Hamid_Karzai,887
Hamid_Karzai_0007,Hamid_Karzai,887
Hamid_Karzai_0008,Hamid_Karzai,887
Hamid_Karzai_0009,Hamid_Karzai,887
Hamid_Karzai_0010,Hamid_Karzai,887
Hamid_Karzai_0011,Hamid_Karzai,887
Hamid_Karzai_0012,Hamid_Karzai,887
Hamid_Karzai_0013,Hamid_Karzai,887
Hamid_Karzai_0014,Hamid_Karzai,887
Hamid_Karzai_0015,Hamid_Karzai,887
Hamid_Karzai_0016,Hamid_Karzai,887
Hamid_Karzai_0017,Hamid_Karzai,887
Hamid_Karzai_0018,Hamid_Karzai,887
Hamid_Karzai_0019,Hamid_Karzai,887
Hamid_Karzai_0020,Hamid_Karzai,887
Hamid_Karzai_0021,Hamid_Karzai,887
Hamid_Karzai_0022,Hamid_Karzai,887
Hamid_Reza_Asefi_0001,Hamid_Reza_Asefi,888
Hamza_Atiya_Muhsen_0001,Hamza_Atiya_Muhsen,889
Hamzah_Haz_0001,Hamzah_Haz,890
Hamzah_Haz_0002,Hamzah_Haz,890
Han_Sung_Joo_0001,Han_Sung_Joo,891
Hana_Makhmalbaf_0001,Hana_Makhmalbaf,892
Hana_Sadiq_0001,Hana_Sadiq,893
Hana_Urushima_0001,Hana_Urushima,894
Hanan_Ashrawi_0001,Hanan_Ashrawi,895
Hanan_Ashrawi_0002,Hanan_Ashrawi,895
Hank_Aaron_0001,Hank_Aaron,896
Hank_Azaria_0001,Hank_Azaria,897
Hank_Bass_0001,Hank_Bass,898
Hank_McKinnell_0001,Hank_McKinnell,899
Hank_Stram_0001,Hank_Stram,900
Hannah_Stockbauer_0001,Hannah_Stockbauer,901
Hannah_Stockbauer_0002,Hannah_Stockbauer,901
Hanns_Schumacher_0001,Hanns_Schumacher,902
Hans-Christian_Schmid_0001,Hans-Christian_Schmid,903
Hans_Blix_0001,Hans_Blix,904
Hans_Blix_0002,Hans_Blix,904
Hans_Blix_0003,Hans_Blix,904
Hans_Blix_0004,Hans_Blix,904
Hans_Blix_0005,Hans_Blix,904
Hans_Blix_0006,Hans_Blix,904
Hans_Blix_0007,Hans_Blix,904
Hans_Blix_0008,Hans_Blix,904
Hans_Blix_0009,Hans_Blix,904
Hans_Blix_0010,Hans_Blix,904
Hans_Blix_0011,Hans_Blix,904
Hans_Blix_0012,Hans_Blix,904
Hans_Blix_0013,Hans_Blix,904
Hans_Blix_0014,Hans_Blix,904
Hans_Blix_0015,Hans_Blix,904
Hans_Blix_0016,Hans_Blix,904
Hans_Blix_0017,Hans_Blix,904
Hans_Blix_0018,Hans_Blix,904
Hans_Blix_0019,Hans_Blix,904
Hans_Blix_0020,Hans_Blix,904
Hans_Blix_0021,Hans_Blix,904
Hans_Blix_0022,Hans_Blix,904
Hans_Blix_0023,Hans_Blix,904
Hans_Blix_0024,Hans_Blix,904
Hans_Blix_0025,Hans_Blix,904
Hans_Blix_0026,Hans_Blix,904
Hans_Blix_0027,Hans_Blix,904
Hans_Blix_0028,Hans_Blix,904
Hans_Blix_0029,Hans_Blix,904
Hans_Blix_0030,Hans_Blix,904
Hans_Blix_0031,Hans_Blix,904
Hans_Blix_0032,Hans_Blix,904
Hans_Blix_0033,Hans_Blix,904
Hans_Blix_0034,Hans_Blix,904
Hans_Blix_0035,Hans_Blix,904
Hans_Blix_0036,Hans_Blix,904
Hans_Blix_0037,Hans_Blix,904
Hans_Blix_0038,Hans_Blix,904
Hans_Blix_0039,Hans_Blix,904
Hans_Corell_0001,Hans_Corell,905
Hans_Eichel_0001,Hans_Eichel,906
Hans_Eichel_0002,Hans_Eichel,906
Hans_Eichel_0003,Hans_Eichel,906
Hans_Leistritz_0001,Hans_Leistritz,907
Hans_Peter_Briegel_0001,Hans_Peter_Briegel,908
Harald_Ringstorff_0001,Harald_Ringstorff,909
Harbhajan_Singh_0001,Harbhajan_Singh,910
Harbhajan_Singh_0002,Harbhajan_Singh,910
Harland_Braun_0001,Harland_Braun,911
Harold_Brown_0001,Harold_Brown,912
Harold_Scott_0001,Harold_Scott,913
Harriet_Lessy_0001,Harriet_Lessy,914
Harrison_Ford_0001,Harrison_Ford,915
Harrison_Ford_0002,Harrison_Ford,915
Harrison_Ford_0003,Harrison_Ford,915
Harrison_Ford_0004,Harrison_Ford,915
Harrison_Ford_0005,Harrison_Ford,915
Harrison_Ford_0006,Harrison_Ford,915
Harrison_Ford_0007,Harrison_Ford,915
Harrison_Ford_0008,Harrison_Ford,915
Harrison_Ford_0009,Harrison_Ford,915
Harrison_Ford_0010,Harrison_Ford,915
Harrison_Ford_0011,Harrison_Ford,915
Harrison_Ford_0012,Harrison_Ford,915
Harry_Belafonte_0001,Harry_Belafonte,916
Harry_Belafonte_0002,Harry_Belafonte,916
Harry_Kalas_0001,Harry_Kalas,917
Harry_Kalas_0002,Harry_Kalas,917
Harry_Schmidt_0001,Harry_Schmidt,918
Harry_Schmidt_0002,Harry_Schmidt,918
Harry_Schmidt_0003,Harry_Schmidt,918
Harry_Schmidt_0004,Harry_Schmidt,918
Hartmut_Mehdorn_0001,Hartmut_Mehdorn,919
Harvey_Fierstein_0001,Harvey_Fierstein,920
Harvey_Wachsman_0001,Harvey_Wachsman,921
Harvey_Weinstein_0001,Harvey_Weinstein,922
Harvey_Weinstein_0002,Harvey_Weinstein,922
Hasan_Wirayuda_0001,Hasan_Wirayuda,923
Hashan_Tillakaratne_0001,Hashan_Tillakaratne,924
Hashim_Thaci_0001,Hashim_Thaci,925
Hashim_Thaci_0002,Hashim_Thaci,925
Hassan_Nasrallah_0001,Hassan_Nasrallah,926
Hassan_Nasrallah_0002,Hassan_Nasrallah,926
Hassan_Wirajuda_0001,Hassan_Wirajuda,927
Hassan_Wirajuda_0002,Hassan_Wirajuda,927
Hassanal_Bolkiah_0001,Hassanal_Bolkiah,928
Hatsui_Hasuike_0001,Hatsui_Hasuike,929
Haydar_Aliyev_0001,Haydar_Aliyev,930
Hayden_Panettiere_0001,Hayden_Panettiere,931
Hayley_Tullett_0001,Hayley_Tullett,932
Hayley_Tullett_0002,Hayley_Tullett,932
Heath_Ledger_0001,Heath_Ledger,933
Heath_Ledger_0002,Heath_Ledger,933
Heath_Ledger_0003,Heath_Ledger,933
Heath_Ledger_0004,Heath_Ledger,933
Heather_Chinnock_0001,Heather_Chinnock,934
Heather_Locklear_0001,Heather_Locklear,935
Heather_Mills_0001,Heather_Mills,936
Heather_Mills_0002,Heather_Mills,936
Heather_Mills_0003,Heather_Mills,936
Heather_Mills_0004,Heather_Mills,936
Heather_Whitestone_McCallum_0001,Heather_Whitestone_McCallum,937
Heather_Willson_0001,Heather_Willson,938
Hector_Babenco_0001,Hector_Babenco,939
Hector_Babenco_0002,Hector_Babenco,939
Hector_Babenco_0003,Hector_Babenco,939
Hector_Grullon_0001,Hector_Grullon,940
Hector_Mitelman_0001,Hector_Mitelman,941
Hedayat_Amin_Arsala_0001,Hedayat_Amin_Arsala,942
Hee-Won_Han_0001,Hee-Won_Han,943
Hee-Won_Han_0002,Hee-Won_Han,943
Hee-Won_Han_0003,Hee-Won_Han,943
Heidi_Fleiss_0001,Heidi_Fleiss,944
Heidi_Fleiss_0002,Heidi_Fleiss,944
Heidi_Fleiss_0003,Heidi_Fleiss,944
Heidi_Fleiss_0004,Heidi_Fleiss,944
Heidi_Klum_0001,Heidi_Klum,945
Heidi_Klum_0002,Heidi_Klum,945
Heidi_Klum_0003,Heidi_Klum,945
Heidi_Klum_0004,Heidi_Klum,945
Heidi_Klum_0005,Heidi_Klum,945
Heinrich_Wolfgang_0001,Heinrich_Wolfgang,946
Heinz_Feldmann_0001,Heinz_Feldmann,947
Heinz_Feldmann_0002,Heinz_Feldmann,947
Heinz_Feldmann_0003,Heinz_Feldmann,947
Heizo_Takenaka_0001,Heizo_Takenaka,948
Heizo_Takenaka_0002,Heizo_Takenaka,948
Heizo_Takenaka_0003,Heizo_Takenaka,948
Heizo_Takenaka_0004,Heizo_Takenaka,948
Heizo_Takenaka_0005,Heizo_Takenaka,948
Heizo_Takenaka_0006,Heizo_Takenaka,948
Heizo_Takenaka_0007,Heizo_Takenaka,948
Heizo_Takenaka_0008,Heizo_Takenaka,948
Heizo_Takenaka_0009,Heizo_Takenaka,948
Helen_Alvare_0001,Helen_Alvare,949
Helen_Clark_0001,Helen_Clark,950
Helen_Clark_0002,Helen_Clark,950
Helen_Clark_0003,Helen_Clark,950
Helen_Clark_0004,Helen_Clark,950
Helen_Darling_0001,Helen_Darling,951
Helena_Schneider_0001,Helena_Schneider,952
Helene_Eksterowicz_0001,Helene_Eksterowicz,953
Helio_Castroneves_0001,Helio_Castroneves,954
Helio_Rubens_Garcia_0001,Helio_Rubens_Garcia,955
Helmut_Panke_0001,Helmut_Panke,956
Helo_Pinheiro_0001,Helo_Pinheiro,957
Henk_Bekedam_0001,Henk_Bekedam,958
Henning_Scherf_0001,Henning_Scherf,959
Henri_Proglio_0001,Henri_Proglio,960
Henrique_Meirelles_0001,Henrique_Meirelles,961
Henrique_Meirelles_0002,Henrique_Meirelles,961
Henry_Castellanos_0001,Henry_Castellanos,962
Henry_Hilow_0001,Henry_Hilow,963
Henry_Hyde_0001,Henry_Hyde,964
Henry_Kissinger_0001,Henry_Kissinger,965
Henry_Suazo_0001,Henry_Suazo,966
Herb_Brooks_0001,Herb_Brooks,967
Herb_Dhaliwal_0001,Herb_Dhaliwal,968
Herb_Ritts_0001,Herb_Ritts,969
Herb_Sendek_0001,Herb_Sendek,970
Herb_Sendek_0002,Herb_Sendek,970
Herb_Sendek_0003,Herb_Sendek,970
Herb_Sendek_0004,Herb_Sendek,970
Herbert_Haupt_0001,Herbert_Haupt,971
Herbie_Hancock_0001,Herbie_Hancock,972
